as_of_date,composite_ticker,fundflow
2018-01-02,SPY,-1039552800
2018-01-03,SPY,-1666392600
2018-01-04,SPY,-622124700
2018-01-05,SPY,-1548319500
2018-01-08,SPY,2434514900
2018-01-09,SPY,-1150795800
2018-01-10,SPY,3622594800
2018-01-11,SPY,2878438500
2018-01-12,SPY,-1587488750
2018-01-16,SPY,-236253250
2018-01-17,SPY,6647304000
2018-01-18,SPY,-1118296000
2018-01-19,SPY,3154361100
2018-01-22,SPY,2439262500
2018-01-23,SPY,2444818700
2018-01-24,SPY,-750644300
2018-01-25,SPY,382189050
2018-01-26,SPY,-3031021100
2018-01-29,SPY,4328067700
2018-01-30,SPY,4185354600
2018-01-31,SPY,84491400
2018-02-01,SPY,-2226062000
2018-02-02,SPY,-1887081800
2018-02-05,SPY,-5555496050
2018-02-06,SPY,-7853541300
2018-02-07,SPY,-67265250
2018-02-08,SPY,-8192446200
2018-02-09,SPY,-2332501750
2018-02-12,SPY,7143208800
2018-02-13,SPY,-994856250
2018-02-14,SPY,-798003000
2018-02-15,SPY,512304600
2018-02-16,SPY,-3234374550
2018-02-20,SPY,-669014150
2018-02-21,SPY,2131235750
2018-02-22,SPY,-108005200
2018-02-23,SPY,-2932711600
2018-02-26,SPY,4970784900
2018-02-27,SPY,2139676000
2018-02-28,SPY,27440000
2018-03-01,SPY,-3216018900
2018-03-02,SPY,-2691701550
2018-03-05,SPY,-2059441200
2018-03-06,SPY,-2503954800
2018-03-07,SPY,-2278706650
2018-03-08,SPY,3096121100
2018-03-09,SPY,2809238000
2018-03-12,SPY,2662740550
2018-03-13,SPY,1991046200
2018-03-14,SPY,166030800
2018-03-15,SPY,-5504300000
2018-03-16,SPY,1773866100
2018-03-19,SPY,-1193613900
2018-03-20,SPY,1406600000
2018-03-21,SPY,1110710500
2018-03-22,SPY,-3326325900
2018-03-23,SPY,-8093748000
2018-03-26,SPY,1729370500
2018-03-27,SPY,3022436400
2018-03-28,SPY,-1393915750
2018-03-29,SPY,-2598290000
2018-04-02,SPY,-2252215350
2018-04-03,SPY,-1339187200
2018-04-04,SPY,-508550250
2018-04-05,SPY,1081698900
2018-04-06,SPY,-2138691800
2018-04-09,SPY,4352638250
2018-04-10,SPY,599844600
2018-04-11,SPY,291683700
2018-04-12,SPY,-65928250
2018-04-13,SPY,558432000
2018-04-16,SPY,-132577500
2018-04-17,SPY,-334136250
2018-04-18,SPY,688890150
2018-04-19,SPY,-594831600
2018-04-20,SPY,1263665500
2018-04-23,SPY,1146311200
2018-04-24,SPY,-2332741250
2018-04-25,SPY,-1328367150
2018-04-26,SPY,1515268750
2018-04-27,SPY,905318340
2018-04-30,SPY,-79973580
2018-05-01,SPY,475933140
2018-05-02,SPY,-596432475
2018-05-03,SPY,-4829237395
2018-05-04,SPY,1995827640
2018-05-07,SPY,-305915295
2018-05-08,SPY,547218185
2018-05-09,SPY,213495040
2018-05-10,SPY,2277100085
2018-05-11,SPY,462499450
2018-05-14,SPY,517968500
2018-05-15,SPY,1623563410
2018-05-16,SPY,1097627760
2018-05-17,SPY,-1007108180
2018-05-18,SPY,-924928180
2018-05-21,SPY,678358500
2018-05-22,SPY,191343320
2018-05-23,SPY,1348860645
2018-05-24,SPY,861162120
2018-05-25,SPY,-1596132720
2018-05-29,SPY,-1102535955
2018-05-30,SPY,-107640880
2018-05-31,SPY,-599618580
2018-06-01,SPY,-758084600
2018-06-04,SPY,2258020875
2018-06-05,SPY,-1800777090
2018-06-06,SPY,-1086792335
2018-06-07,SPY,332993160
2018-06-08,SPY,-1040047500
2018-06-11,SPY,625990275
2018-06-12,SPY,696288500
2018-06-13,SPY,-13950440
2018-06-14,SPY,-2000885760
2018-06-15,SPY,1936737040
2018-06-18,SPY,1926309955
2018-06-19,SPY,373385160
2018-06-20,SPY,550963800
2018-06-21,SPY,-1503932950
2018-06-22,SPY,-82268640
2018-06-25,SPY,-274742800
2018-06-26,SPY,-2913008125
2018-06-27,SPY,-244414890
2018-06-28,SPY,107695040
2018-06-29,SPY,-1761066450
2018-07-02,SPY,244038780
2018-07-03,SPY,815979300
2018-07-05,SPY,-1204368470
2018-07-06,SPY,-218430640
2018-07-09,SPY,1239151050
2018-07-10,SPY,-1180955575
2018-07-11,SPY,2314365360
2018-07-12,SPY,-1273576240
2018-07-13,SPY,-1382569650
2018-07-16,SPY,782897920
2018-07-17,SPY,-41899845
2018-07-18,SPY,-673062960
2018-07-19,SPY,829089535
2018-07-20,SPY,-1315846310
2018-07-23,SPY,978990600
2018-07-24,SPY,2087671035
2018-07-25,SPY,985506900
2018-07-26,SPY,-795568760
2018-07-27,SPY,1161417250
2018-07-30,SPY,1252305205
2018-07-31,SPY,1958768700
2018-08-01,SPY,-2994744855
2018-08-02,SPY,-3553411565
2018-08-03,SPY,-310541330
2018-08-06,SPY,-297836175
2018-08-07,SPY,825573740
2018-08-08,SPY,4110972480
2018-08-09,SPY,627917840
2018-08-10,SPY,-1240096695
2018-08-13,SPY,-1047619480
2018-08-14,SPY,-1325458750
2018-08-15,SPY,-85150050
2018-08-16,SPY,1634055460
2018-08-17,SPY,-1448611140
2018-08-20,SPY,655507820
2018-08-21,SPY,399984760
2018-08-22,SPY,-1388566155
2018-08-23,SPY,-443604265
2018-08-24,SPY,-1128633105
2018-08-27,SPY,2242457880
2018-08-28,SPY,1636943990
2018-08-29,SPY,492666290
2018-08-30,SPY,-4721883660
2018-08-31,SPY,-841677150
2018-09-04,SPY,-4093249740
2018-09-05,SPY,3144836695
2018-09-06,SPY,-578078800
2018-09-07,SPY,-1080271500
2018-09-10,SPY,1135462655
2018-09-11,SPY,-1008003150
2018-09-12,SPY,-563728035
2018-09-13,SPY,-650689875
2018-09-14,SPY,988692120
2018-09-17,SPY,3927328200
2018-09-18,SPY,-969172420
2018-09-19,SPY,5395477115
2018-09-20,SPY,2504528120
2018-09-21,SPY,-2509495110
2018-09-24,SPY,-58416460
2018-09-25,SPY,-829506180
2018-09-26,SPY,1235455450
2018-09-27,SPY,-43460805
2018-09-28,SPY,-944421400
2018-10-01,SPY,944441550
2018-10-02,SPY,568717110
2018-10-03,SPY,-466465280
2018-10-04,SPY,2771641150
2018-10-05,SPY,-1968170920
2018-10-08,SPY,1453583920
2018-10-09,SPY,935104625
2018-10-10,SPY,2557846650
2018-10-11,SPY,-6754542210
2018-10-12,SPY,-2395807920
2018-10-15,SPY,-3465587120
2018-10-16,SPY,-2209881170
2018-10-17,SPY,3294940875
2018-10-18,SPY,1177515780
2018-10-19,SPY,-690887250
2018-10-22,SPY,566334025
2018-10-23,SPY,-1045307800
2018-10-24,SPY,1997129620
2018-10-25,SPY,-1763197625
2018-10-26,SPY,-3929591250
2018-10-29,SPY,4485265070
2018-10-30,SPY,2030208180
2018-10-31,SPY,-1446191820
2018-11-01,SPY,-2598940800
2018-11-02,SPY,355660370
2018-11-05,SPY,326259240
2018-11-06,SPY,1052627345
2018-11-07,SPY,2132317950
2018-11-08,SPY,-505736820
2018-11-09,SPY,-1570280320
2018-11-12,SPY,-263984860
2018-11-13,SPY,326910840
2018-11-14,SPY,1169737600
2018-11-15,SPY,432078080
2018-11-16,SPY,-1433190675
2018-11-19,SPY,711387040
2018-11-20,SPY,2219916600
2018-11-21,SPY,-1189044450
2018-11-23,SPY,-1524063950
2018-11-26,SPY,-645169525
2018-11-27,SPY,1765100040
2018-11-28,SPY,3944162880
2018-11-29,SPY,2497636050
2018-11-30,SPY,-3520000500
2018-12-03,SPY,276209600
2018-12-04,SPY,-3769440300
2018-12-06,SPY,-3094148385
2018-12-07,SPY,1619431200
2018-12-10,SPY,131839900
2018-12-11,SPY,726393525
2018-12-12,SPY,2059684380
2018-12-13,SPY,-1712400180
2018-12-14,SPY,1486706480
2018-12-17,SPY,2174934520
2018-12-18,SPY,-242347090
2018-12-19,SPY,-1581863040
2018-12-20,SPY,-603011760
2018-12-21,SPY,7172259700
2018-12-24,SPY,2937991800
2018-12-26,SPY,-831811860
2018-12-27,SPY,-1241944480
2018-12-28,SPY,-2902250520
2018-12-31,SPY,-3258397735
2019-01-02,SPY,-1349569620
2019-01-03,SPY,-1025986460
2019-01-04,SPY,2026130430
2019-01-07,SPY,-1401283980
2019-01-08,SPY,483078420
2019-01-09,SPY,-1976724750
2019-01-10,SPY,2191719050
2019-01-11,SPY,-1282105440
2019-01-14,SPY,-854606610
2019-01-15,SPY,-888866970
2019-01-16,SPY,-755175660
2019-01-17,SPY,-3366772290
2019-01-18,SPY,1209770560
2019-01-22,SPY,1438896960
2019-01-23,SPY,722436275
2019-01-24,SPY,39492330
2019-01-25,SPY,-2399235930
2019-01-28,SPY,-2366461940
2019-01-29,SPY,2242380750
2019-01-30,SPY,-1448856200
2019-01-31,SPY,481584780
2019-02-01,SPY,-728731890
2019-02-04,SPY,905092615
2019-02-05,SPY,-176805200
2019-02-06,SPY,-327948120
2019-02-07,SPY,-204532500
2019-02-08,SPY,0
2019-02-11,SPY,851973885
2019-02-12,SPY,920247740
2019-02-13,SPY,260452855
2019-02-14,SPY,-2227578570
2019-02-15,SPY,-425283575
2019-02-19,SPY,1719708880
2019-02-20,SPY,-1291799760
2019-02-21,SPY,709800150
2019-02-22,SPY,346745875
2019-02-22,SPY,32178.0172
2019-02-25,SPY,3210519400
2019-02-26,SPY,-1020382243
2019-02-27,SPY,-488844370
2019-02-28,SPY,1033155913.6
2019-03-01,SPY,-222821464
2019-03-04,SPY,1472381867.3
2019-03-05,SPY,-1801969601
2019-03-07,SPY,-4297642949
2019-03-08,SPY,-1210344890
2019-03-11,SPY,-96081329.05
2019-03-12,SPY,2729600918.8
2019-03-13,SPY,2039345987.2
2019-03-14,SPY,-2799090061
2019-03-15,SPY,-1757291650
2019-03-18,SPY,3981007015.8
2019-03-19,SPY,2033199496.8
2019-03-20,SPY,-338836784.4
2019-03-21,SPY,366008162
2019-03-22,SPY,-1793055650
2019-03-25,SPY,-97730964.45
2019-03-26,SPY,-1199775237
2019-03-27,SPY,1025723197.1
2019-03-28,SPY,405593580.95
2019-03-29,SPY,2484780401
2019-04-01,SPY,-1342661073
2019-04-02,SPY,214451258.25
2019-04-03,SPY,1529834115.7
2019-04-04,SPY,702083262.65
2019-04-05,SPY,-689345275.2
2019-04-08,SPY,-115423016.4
2019-04-09,SPY,2152040942.2
2019-04-10,SPY,1349843266.5
2019-04-11,SPY,1916670913.5
2019-04-12,SPY,374705289.4
2019-04-15,SPY,-768941831.9
2019-04-16,SPY,2232932886.8
2019-04-17,SPY,-1595758461
2019-04-18,SPY,-1954186526
2019-04-22,SPY,-43495384.35
2019-04-23,SPY,-841782011.1
2019-04-24,SPY,-937106329.6
2019-04-25,SPY,-949667192.5
2019-04-26,SPY,-102234235.3
2019-04-29,SPY,-58694018
2019-04-30,SPY,3995640315.2
2019-05-01,SPY,-161745141.3
2019-05-02,SPY,-3998785962
2019-05-03,SPY,-480601095.2
2019-05-06,SPY,-132346140.8
2019-05-07,SPY,-2649967895
2019-05-08,SPY,-2145526297
2019-05-09,SPY,-1739594627
2019-05-10,SPY,-917658041.6
2019-05-13,SPY,518269906.8
2019-05-14,SPY,-1686045984
2019-05-15,SPY,-1005667306
2019-05-16,SPY,14249724.9
2019-05-17,SPY,2070745502.4
2019-05-20,SPY,1601364620.8
2019-05-21,SPY,-511270230.6
2019-05-22,SPY,973930969
2019-05-23,SPY,-1699596032
2019-05-24,SPY,-324624983.1
2019-05-28,SPY,-565404710
2019-05-29,SPY,-2270789494
2019-05-30,SPY,-1350345987
2019-05-31,SPY,-153472092.4
2019-06-03,SPY,-275424119
2019-06-04,SPY,205999356
2019-06-05,SPY,659270301.9
2019-06-06,SPY,2715377193.6
2019-06-07,SPY,1110159445.2
2019-06-10,SPY,1236920430.2
2019-06-11,SPY,-2181880381
2019-06-12,SPY,881155248
2019-06-13,SPY,158576264
2019-06-14,SPY,1780941846
2019-06-17,SPY,-621686068.7
2019-06-18,SPY,477551385.3
2019-06-19,SPY,-1841062835
2019-06-20,SPY,-4044767608
2019-06-21,SPY,266301073.8
2019-06-24,SPY,2838086480.9
2019-06-25,SPY,2290024807.2
2019-06-26,SPY,-1512186733
2019-06-27,SPY,-943956923
2019-06-28,SPY,583203832
2019-07-01,SPY,-87987341.7
2019-07-02,SPY,339877057.05
2019-07-03,SPY,400166596.35
2019-07-05,SPY,1762710443.8
2019-07-08,SPY,1714961138.3
2019-07-09,SPY,-163248158.7
2019-07-10,SPY,29727264.5
2019-07-11,SPY,1104875659.1
2019-07-12,SPY,1541387486.2
2019-07-15,SPY,857021066.1
2019-07-16,SPY,736862166.6
2019-07-17,SPY,-299746528
2019-07-18,SPY,-952948390.4
2019-07-19,SPY,-1868076450
2019-07-22,SPY,-1574412202
2019-07-23,SPY,-744763375
2019-07-24,SPY,239958923.2
2019-07-25,SPY,-165751245
2019-07-26,SPY,1423975833.5
2019-07-29,SPY,528494566.25
2019-07-30,SPY,256282757.95
2019-07-31,SPY,-1022590606
2019-08-01,SPY,-520619097.3
2019-08-02,SPY,-3154902180
2019-08-05,SPY,-5444781850
2019-08-06,SPY,-3394259956
2019-08-07,SPY,1726516146
2019-08-08,SPY,806344579.6
2019-08-09,SPY,1027072312
2019-08-12,SPY,-699734256
2019-08-13,SPY,3126164170.5
2019-08-14,SPY,-2470620270
2019-08-15,SPY,-2328124115
2019-08-16,SPY,583571804.65
2019-08-19,SPY,996392975.1
2019-08-20,SPY,-73077927.75
2019-08-21,SPY,-565549654.8
2019-08-22,SPY,160831890.45
2019-08-23,SPY,-555334935.5
2019-08-26,SPY,113888391.2
2019-08-27,SPY,518171524.2
2019-08-28,SPY,-129129290.1
2019-08-29,SPY,447696091.4
2019-08-30,SPY,-190149095.5
2019-09-03,SPY,-1478444807
2019-09-04,SPY,654228175.5
2019-09-05,SPY,1337396660.6
2019-09-06,SPY,952994707.2
2019-09-09,SPY,3562177973.7
2019-09-10,SPY,1147629140.4
2019-09-11,SPY,283287360.9
2019-09-12,SPY,135161330.4
2019-09-13,SPY,5528221521.3
2019-09-16,SPY,-6173153028
2019-09-17,SPY,-30019684.3
2019-09-18,SPY,1866006578.6
2019-09-19,SPY,-4335449530
2019-09-20,SPY,-15054791.45
2019-09-23,SPY,2430795079.8
2019-09-24,SPY,2639320950.6
2019-09-25,SPY,1404765907.3
2019-09-26,SPY,-282684169.8
2019-09-27,SPY,-1781135676
2019-09-30,SPY,723531988.55
2019-10-01,SPY,59364664
2019-10-02,SPY,-3239811855
2019-10-03,SPY,-2620295687
2019-10-04,SPY,1582196040
2019-10-07,SPY,956919476.5
2019-10-08,SPY,-1553531458
2019-10-09,SPY,519418447.2
2019-10-10,SPY,582566530
2019-10-11,SPY,2022782727.3
2019-10-14,SPY,-563136736.4
2019-10-15,SPY,547556421.4
2019-10-16,SPY,-582897164.9
2019-10-17,SPY,-283426429.5
2019-10-18,SPY,-2288794978
2019-10-21,SPY,923866718.2
2019-10-22,SPY,2175555371.8
2019-10-23,SPY,-642882695.1
2019-10-24,SPY,509788292.2
2019-10-25,SPY,-1186781308
2019-10-28,SPY,527935964.5
2019-10-29,SPY,-1683647689
2019-10-30,SPY,-545597501.4
2019-10-31,SPY,-714679189.4
2019-11-01,SPY,2077054397
2019-11-04,SPY,-321479546.9
2019-11-05,SPY,676076350.4
2019-11-06,SPY,-567848845.7
2019-11-07,SPY,-1167292805
2019-11-08,SPY,647145195.9
2019-11-11,SPY,-973369945.8
2019-11-12,SPY,-555118657.2
2019-11-13,SPY,139003705.8
2019-11-14,SPY,-1978408429
2019-11-15,SPY,-742709287.2
2019-11-18,SPY,-62378169.2
2019-11-19,SPY,780128585
2019-11-20,SPY,1107192186.7
2019-11-21,SPY,916790226.6
2019-11-22,SPY,698192014.5
2019-11-25,SPY,1694849305.8
2019-11-26,SPY,-313345482
2019-11-27,SPY,2590813937.3
2019-11-29,SPY,1971130331.3
2019-12-02,SPY,2859103065
2019-12-03,SPY,-1354999435
2019-12-04,SPY,-928327080
2019-12-05,SPY,311423731
2019-12-06,SPY,327573511.65
2019-12-09,SPY,1227828478.5
2019-12-10,SPY,-957279179.3
2019-12-11,SPY,877880371.2
2019-12-12,SPY,2641297310.4
2019-12-13,SPY,1316258554.4
2019-12-16,SPY,-1665541500
2019-12-17,SPY,-383415218.4
2019-12-18,SPY,-1853775491
2019-12-19,SPY,-5000248899
2019-12-20,SPY,11152779606
2019-12-23,SPY,-2696135828
2019-12-24,SPY,16062254.25
2019-12-26,SPY,497865828
2019-12-27,SPY,2292452678.9
2019-12-30,SPY,226025350.6
2019-12-31,SPY,4559158216
2020-01-02,SPY,1062721878.9
2020-01-03,SPY,-1282861787
2020-01-06,SPY,-2338210057
2020-01-07,SPY,16182555.55
2020-01-08,SPY,1420210959.2
2020-01-09,SPY,2643590365.4
2020-01-10,SPY,-1780031209
2020-01-13,SPY,-16283810.65
2020-01-14,SPY,-377138954.6
2020-01-15,SPY,-1833891326
2020-01-16,SPY,475739685.75
2020-01-17,SPY,-529360822.4
2020-01-21,SPY,-979787821.8
2020-01-22,SPY,-1855022254
2020-01-23,SPY,1375147751.6
2020-01-24,SPY,16588091.85
2020-01-27,SPY,-690413923.5
2020-01-28,SPY,-177979049.6
2020-01-29,SPY,261484840
2020-01-30,SPY,522526440
2020-01-31,SPY,1015713301.2
2020-02-03,SPY,-3701598668
2020-02-04,SPY,162106299.5
2020-02-05,SPY,1711137511.2
2020-02-06,SPY,-482518440.1
2020-02-07,SPY,-567682943.1
2020-02-10,SPY,647773411.35
2020-02-11,SPY,2777773217.6
2020-02-12,SPY,-754307538.8
2020-02-13,SPY,-1029134877
2020-02-14,SPY,572862326.3
2020-02-18,SPY,-1992120533
2020-02-19,SPY,454522419.9
2020-02-20,SPY,186077480.05
2020-02-21,SPY,-5982639257
2020-02-24,SPY,-3585357404
2020-02-25,SPY,-6415960771
2020-02-26,SPY,-3126788510
2020-02-27,SPY,-2414146654
2020-02-28,SPY,-4988929126
2020-03-02,SPY,2570395251
2020-03-03,SPY,4248868951.3
2020-03-04,SPY,210249810.4
2020-03-05,SPY,-1220722417
2020-03-06,SPY,-2918971459
2020-03-09,SPY,1843580124.6
2020-03-10,SPY,1525547764.1
2020-03-11,SPY,2465848753.7
2020-03-12,SPY,3512094848
2020-03-13,SPY,372664495.5
2020-03-16,SPY,8551823206.5
2020-03-17,SPY,-6181170650
2020-03-18,SPY,3889418412.5
2020-03-19,SPY,-1706251247
2020-03-20,SPY,4817151498.6
2020-03-23,SPY,-4869284667
2020-03-24,SPY,1215100248.3
2020-03-25,SPY,-170731231.3
2020-03-26,SPY,-986870432
2020-03-27,SPY,-3224191263
2020-03-30,SPY,1013175972
2020-03-31,SPY,-1675680467
2020-04-01,SPY,-3851991824
2020-04-02,SPY,5541453247.5
2020-04-03,SPY,579481876.6
2020-04-06,SPY,3921050481.6
2020-04-07,SPY,106245399.6
2020-04-08,SPY,-1922627986
2020-04-09,SPY,-4196485928
2020-04-13,SPY,-2421046014
2020-04-14,SPY,4600474968.1
2020-04-15,SPY,-1802915622
2020-04-16,SPY,-1444000449
2020-04-17,SPY,1955147635
2020-04-20,SPY,1763768100.2
2020-04-21,SPY,-1675929182
2020-04-22,SPY,-2539320416
2020-04-23,SPY,-600507814
2020-04-24,SPY,-1521520667
2020-04-27,SPY,2122978530
2020-04-28,SPY,-2039310053
2020-04-29,SPY,-928595892.3
2020-04-30,SPY,-1598565028
2020-05-01,SPY,-770162270.8
2020-05-04,SPY,-2570877855
2020-05-05,SPY,1475313689.2
2020-05-06,SPY,300590038.35
2020-05-07,SPY,156367399.1
2020-05-08,SPY,2085606564.8
2020-05-11,SPY,-819184469.6
2020-05-12,SPY,1902031963
2020-05-13,SPY,-1490676252
2020-05-14,SPY,-1563400884
2020-05-15,SPY,441738934.55
2020-05-18,SPY,300443342.85
2020-05-19,SPY,-1387257194
2020-05-20,SPY,14604996.85
2020-05-21,SPY,59401042.6
2020-05-22,SPY,162096344.3
2020-05-26,SPY,-502282028.9
2020-05-27,SPY,-2362750857
2020-05-28,SPY,2883338521
2020-05-29,SPY,181744196.4
2020-06-01,SPY,-669692511.4
2020-06-02,SPY,-3758341002
2020-06-03,SPY,3034447292.8
2020-06-04,SPY,1093000972
2020-06-05,SPY,5229871248
2020-06-08,SPY,-3689440143
2020-06-09,SPY,4331732079.2
2020-06-10,SPY,-3544577861
2020-06-11,SPY,1244421773.4
2020-06-12,SPY,-4205315408
2020-06-15,SPY,-1719697303
2020-06-16,SPY,2869528342.5
2020-06-17,SPY,-2392163461
2020-06-18,SPY,732214778.95
2020-06-19,SPY,-1371810999
2020-06-22,SPY,1836839446.4
2020-06-23,SPY,2019638016.5
2020-06-24,SPY,-1232611080
2020-06-25,SPY,714371351.15
2020-06-26,SPY,-1229333528
2020-06-29,SPY,374858107.5
2020-06-30,SPY,-304326390
2020-07-01,SPY,293587203.9
2020-07-02,SPY,139769293.5
2020-07-06,SPY,-405695950.4
2020-07-07,SPY,729176576.2
2020-07-08,SPY,-1912991012
2020-07-09,SPY,-1754157709
2020-07-10,SPY,94310843.7
2020-07-13,SPY,1921834766
2020-07-14,SPY,-1132869157
2020-07-15,SPY,4146229022
2020-07-16,SPY,-917247742.1
2020-07-17,SPY,2004721600
2020-07-20,SPY,-1592315282
2020-07-21,SPY,421698478.5
2020-07-22,SPY,-714849225.2
2020-07-23,SPY,947730413.9
2020-07-24,SPY,758590892.25
2020-07-27,SPY,-2069230782
2020-07-28,SPY,517092048
2020-07-29,SPY,-2151330885
2020-07-30,SPY,195048136.8
2020-07-31,SPY,-2267460083
2020-08-03,SPY,2595176654.3
2020-08-04,SPY,345225834.45
2020-08-05,SPY,593941701.6
2020-08-06,SPY,-265669683.2
2020-08-07,SPY,-584949141
2020-08-10,SPY,1505410920
2020-08-11,SPY,16772790
2020-08-12,SPY,-499183579.5
2020-08-13,SPY,-320613259
2020-08-14,SPY,-1414894992
2020-08-17,SPY,-656847256.7
2020-08-18,SPY,540420190.4
2020-08-19,SPY,727969557.8
2020-08-20,SPY,-303443126.1
2020-08-21,SPY,-2739673992
2020-08-24,SPY,-967323270.9
2020-08-25,SPY,1868549645.7
2020-08-26,SPY,-412903725.6
2020-08-27,SPY,260692122
2020-08-28,SPY,-470058575
2020-08-31,SPY,-1367189129
2020-09-01,SPY,-2431337314
2020-09-02,SPY,2150039928.2
2020-09-03,SPY,501063742.2
2020-09-04,SPY,2107127099.2
2020-09-08,SPY,2809534438.2
2020-09-09,SPY,-666316662
2020-09-11,SPY,2053639223.6
2020-09-14,SPY,3073873069.6
2020-09-15,SPY,-1387702343
2020-09-16,SPY,-680456690
2020-09-17,SPY,-1016021946
2020-09-18,SPY,3072933053.7
2020-09-21,SPY,-6962534122
2020-09-22,SPY,-1814552681
2020-09-23,SPY,-1123306620
2020-09-24,SPY,499979091.8
2020-09-25,SPY,-1148587867
2020-09-28,SPY,1939460248.4
2020-09-29,SPY,2304729809.7
2020-09-30,SPY,-1429541097
2020-10-01,SPY,-4374447200
2020-10-02,SPY,-370715517.7
2020-10-05,SPY,600819975
2020-10-06,SPY,-475753514.6
2020-10-07,SPY,-435607133
2020-10-08,SPY,801160493.65
2020-10-09,SPY,1976567939.5
2020-10-12,SPY,-1179038638
2020-10-13,SPY,-2061926264
2020-10-14,SPY,-52536543.6
2020-10-15,SPY,1618003677
2020-10-16,SPY,4412413997.1
2020-10-19,SPY,-104245118.7
2020-10-20,SPY,-598169558
2020-10-21,SPY,-1493924480
2020-10-22,SPY,-239878700.6
2020-10-23,SPY,-447848778
2020-10-26,SPY,-864223545
2020-10-27,SPY,865137620.25
2020-10-28,SPY,-3636173869
2020-10-29,SPY,-2626888381
2020-10-30,SPY,528391078.4
2020-11-02,SPY,4339454627.2
2020-11-03,SPY,231203841.4
2020-11-04,SPY,1546357541.8
2020-11-05,SPY,-1494537822
2020-11-06,SPY,2189473375
2020-11-09,SPY,9667069077.6
2020-11-10,SPY,1541561312.9
2020-11-11,SPY,-318549567.6
2020-11-12,SPY,-3370305796
2020-11-13,SPY,-1659880487
2020-11-16,SPY,2935551521.6
2020-11-17,SPY,470807251.2
2020-11-18,SPY,-2775687453
2020-11-19,SPY,-1389934736
2020-11-20,SPY,-1001893040
2020-11-23,SPY,1492657101.6
2020-11-24,SPY,839964598.4
2020-11-25,SPY,635598813.5
2020-11-27,SPY,-779665985.3
2020-11-30,SPY,1744973140.8
2020-12-01,SPY,-90481370.25
2020-12-02,SPY,-1756823966
2020-12-03,SPY,-990070406.1
2020-12-04,SPY,-3280438685
2020-12-07,SPY,-1885867846
2020-12-08,SPY,-1051827917
2020-12-09,SPY,925234070
2020-12-10,SPY,-2037842046
2020-12-11,SPY,-2658825089
2020-12-14,SPY,-787498508.4
2020-12-15,SPY,-4139928901
2020-12-16,SPY,2733941129.6
2020-12-17,SPY,2627743781.8
2020-12-18,SPY,2159020657.8
2020-12-21,SPY,4524987528.3
2020-12-22,SPY,2115721774.8
2020-12-23,SPY,-1799341696
2020-12-24,SPY,-55123827.3
2020-12-28,SPY,903628227.6
2020-12-29,SPY,1264952823.2
2020-12-30,SPY,-2654189981
2020-12-31,SPY,3290016572.3
2021-01-04,SPY,-617390116.2
2021-01-05,SPY,-2193587149
2021-01-06,SPY,2357922913.1
2021-01-07,SPY,-2800894913
2021-01-08,SPY,-398030699.9
2021-01-11,SPY,705226754.35
2021-01-12,SPY,227222587.2
2021-01-13,SPY,-814551036.1
2021-01-14,SPY,2031549288.7
2021-01-15,SPY,2137655945.3
2021-01-19,SPY,-4038010654
2021-01-20,SPY,-2707685473
2021-01-21,SPY,-1305503709
2021-01-22,SPY,556980030.55
2021-01-25,SPY,-402117686.3
2021-01-26,SPY,-653398874.3
2021-01-27,SPY,-2398635650
2021-01-28,SPY,-2393169427
2021-01-29,SPY,1038446843.5
2021-02-01,SPY,-3759316370
2021-02-02,SPY,-752630444
2021-02-03,SPY,1945876868.4
2021-02-04,SPY,878434459.8
2021-02-05,SPY,57916015.05
2021-02-08,SPY,1395532584
2021-02-09,SPY,214786293.15
2021-02-10,SPY,3043188267.6
2021-02-11,SPY,1540607894.3
2021-02-12,SPY,-1660698346
2021-02-16,SPY,314084977.6
2021-02-17,SPY,882969534
2021-02-18,SPY,-117710720.4
2021-02-19,SPY,820375025.4
2021-02-22,SPY,935878917.6
2021-02-23,SPY,-367622879.4
2021-02-24,SPY,-736179388.4
2021-02-25,SPY,1312718467.7
2021-02-26,SPY,-3020461281
2021-03-01,SPY,-437647773.2
2021-03-02,SPY,-642851084.7
2021-03-03,SPY,2550676570.2
2021-03-04,SPY,-2994362922
2021-03-05,SPY,1035120495.8
2021-03-08,SPY,1285535288
2021-03-09,SPY,-2538276824
2021-03-10,SPY,-871015837.5
2021-03-11,SPY,-837353572.7
2021-03-12,SPY,531264158.1
2021-03-15,SPY,-2482340364
2021-03-16,SPY,-178465008.2
2021-03-17,SPY,2435271717.2
2021-03-18,SPY,4725700879.9
2021-03-19,SPY,117387857.1
2021-03-22,SPY,-1286397743
2021-03-23,SPY,4298490532.4
2021-03-24,SPY,1110244255.8
2021-03-25,SPY,658669159.9
2021-03-26,SPY,-6796689251
2021-03-29,SPY,950338320
2021-03-30,SPY,2492475262.2
2021-03-31,SPY,3727271967.3
2021-04-01,SPY,-3345175218
2021-04-05,SPY,-2683726352
2021-04-06,SPY,1320778910.8
2021-04-07,SPY,893232238.8
2021-04-08,SPY,-1199531646
2021-04-09,SPY,-1531610254
2021-04-12,SPY,2078493988.4
2021-04-13,SPY,329206444
2021-04-14,SPY,928939095
2021-04-15,SPY,801885608.55
2021-04-16,SPY,831582290
2021-04-19,SPY,-980624163.3
2021-04-20,SPY,1016929636.5
2021-04-21,SPY,-3730991408
2021-04-22,SPY,-2205313999
2021-04-23,SPY,-2741797514
2021-04-26,SPY,2646757431.9
2021-04-27,SPY,1440557232.5
2021-04-28,SPY,-83493053.8
2021-04-29,SPY,3170075360.4
2021-04-30,SPY,3149666362.5
2021-05-03,SPY,2543508929.7
2021-05-04,SPY,-5539988810
2021-05-05,SPY,-1142135008
2021-05-06,SPY,-353272752.6
2021-05-07,SPY,-523839148.8
2021-05-10,SPY,1414453837.1
2021-05-11,SPY,877447922.4
2021-05-12,SPY,-207109102
2021-05-13,SPY,-283780307.3
2021-05-14,SPY,-2893296763
2021-05-17,SPY,-1957731683
2021-05-18,SPY,-768648811.4
2021-05-19,SPY,-3399015081
2021-05-20,SPY,2136414217.6
2021-05-21,SPY,-1287160120
2021-05-24,SPY,-62235228.45
2021-05-25,SPY,1759990898.4
2021-05-26,SPY,439069888.95
2021-05-27,SPY,1717689403.5
2021-05-28,SPY,-3062142717
2021-06-01,SPY,2498054075
2021-06-02,SPY,-2140199129
2021-06-03,SPY,2080458859.1
2021-06-04,SPY,-921449735.8
2021-06-07,SPY,-1161963787
2021-06-08,SPY,379984594.5
2021-06-09,SPY,2217003930.8
2021-06-10,SPY,-1285676550
2021-06-11,SPY,-698790533.1
2021-06-14,SPY,1060847707.5
2021-06-15,SPY,-829161186.8
2021-06-16,SPY,-636557796
2021-06-17,SPY,823094214.15
2021-06-18,SPY,-3016772058
2021-06-21,SPY,2365771006.5
2021-06-22,SPY,3261798579
2021-06-23,SPY,1226796166.9
2021-06-24,SPY,485960371.4
2021-06-25,SPY,1870290998.4
2021-06-28,SPY,-1215486021
2021-06-29,SPY,1496154117.5
2021-06-30,SPY,2651294889.6
2021-07-01,SPY,-64231078.65
2021-07-02,SPY,215235482.5
2021-07-06,SPY,260249810.4
2021-07-07,SPY,-3874378665
2021-07-08,SPY,2910115861.7
2021-07-09,SPY,818351829.1
2021-07-12,SPY,-326676522.8
2021-07-13,SPY,21853433.9
2021-07-14,SPY,1088833755
2021-07-15,SPY,-2071440083
2021-07-16,SPY,-2151666540
2021-07-19,SPY,1790321761.1
2021-07-20,SPY,-2356355419
2021-07-21,SPY,-1293036330
2021-07-22,SPY,-1390593226
2021-07-23,SPY,-326601125.3
2021-07-26,SPY,-131969906.7
2021-07-27,SPY,3571696539
2021-07-28,SPY,-219437340.5
2021-07-29,SPY,570431819.1
2021-07-30,SPY,1784789976.2
2021-08-02,SPY,-1534195926
2021-08-03,SPY,-568793990.7
2021-08-04,SPY,-1962987297
2021-08-05,SPY,-461037663.5
2021-08-06,SPY,1590287439.6
2021-08-09,SPY,575293742.4
2021-08-10,SPY,265292089.2
2021-08-11,SPY,265553602.2
2021-08-12,SPY,443696821
2021-08-13,SPY,756705264.8
2021-08-16,SPY,6018978051
2021-08-17,SPY,871706538.3
2021-08-18,SPY,-2885388155
2021-08-19,SPY,307457752
2021-08-20,SPY,-1803202407
2021-08-23,SPY,-177358762.4
2021-08-24,SPY,-782613282.5
2021-08-25,SPY,-223937378.5
2021-08-26,SPY,-22443594.8
2021-08-27,SPY,468592100.55
2021-08-30,SPY,2161012920
2021-08-31,SPY,4476529470.6
2021-09-01,SPY,-1941946758
2021-09-02,SPY,745445984.25
2021-09-03,SPY,430478886.5
2021-09-07,SPY,4643170613.8
2021-09-08,SPY,-4356693567
2021-09-09,SPY,766515009.4
2021-09-10,SPY,2356493821.5
2021-09-13,SPY,2717041113.6
2021-09-14,SPY,1450900789
2021-09-15,SPY,3285507840.4
2021-09-16,SPY,-402974445.6
2021-09-17,SPY,-2481236496
2021-09-20,SPY,-3113129299
2021-09-21,SPY,0
2021-09-22,SPY,108437046.25
2021-09-23,SPY,65681436.15
2021-09-24,SPY,-66481058.25
2021-09-27,SPY,-443857047
2021-09-28,SPY,575423737.2
2021-09-29,SPY,-1431020451
2021-09-30,SPY,-1520280027
2021-10-01,SPY,-1502270403
2021-10-04,SPY,-108537707.8
2021-10-05,SPY,1392751503
2021-10-06,SPY,-2187142420
2021-10-07,SPY,-739286762.2
2021-10-08,SPY,1469246098.8
2021-10-11,SPY,-700393971.2
2021-10-12,SPY,1043379362.4
2021-10-13,SPY,585479354.85
2021-10-14,SPY,456757090.65
2021-10-15,SPY,1969010078.8
2021-10-18,SPY,-1025272297
2021-10-19,SPY,603818845.65
2021-10-20,SPY,1126459665
2021-10-21,SPY,655744524.35
2021-10-22,SPY,-2222758707
2021-10-25,SPY,1744594139.8
2021-10-26,SPY,2139871384.8
2021-10-27,SPY,-364896488
2021-10-28,SPY,1089176971.2
2021-10-29,SPY,2108191007.8
2021-11-01,SPY,-22962130.75
2021-11-02,SPY,-621094861.8
2021-11-03,SPY,1108228713.6
2021-11-04,SPY,-209133833.4
2021-11-05,SPY,326721734.5
2021-11-08,SPY,-1171320508
2021-11-09,SPY,1242714908.3
2021-11-10,SPY,584177223.75
2021-11-11,SPY,0
2021-11-12,SPY,-2180142000
2021-11-15,SPY,-2266131348
2021-11-16,SPY,747611081.6
2021-11-17,SPY,-1031984932
2021-11-18,SPY,-772131406.2
2021-11-19,SPY,-3287074602
2021-11-22,SPY,1969523644.2
2021-11-23,SPY,-373985244
2021-11-24,SPY,585325208.75
2021-11-26,SPY,93869988.2
2021-11-29,SPY,3050442913
2021-11-30,SPY,3532361538.8
2021-12-01,SPY,-3192352177
2021-12-02,SPY,2952176896.5
2021-12-03,SPY,-3063020984
2021-12-06,SPY,2606665169.8
2021-12-07,SPY,2063922930
2021-12-08,SPY,-1732067821
2021-12-09,SPY,4484435271.7
2021-12-10,SPY,2238086256
2021-12-13,SPY,6401698500
2021-12-14,SPY,2751957608.7
2021-12-15,SPY,-6551794241
2021-12-16,SPY,3223476014
2021-12-17,SPY,-1912644637
2021-12-20,SPY,966204000.3
2021-12-21,SPY,2751870801.9
2021-12-22,SPY,-1319490330
2021-12-23,SPY,-2502437227
2021-12-27,SPY,3012232953.6
2021-12-28,SPY,2839302140.2
2021-12-29,SPY,1358627108.1
2021-12-30,SPY,2697202000.3
2021-12-31,SPY,5569137802.8
2022-01-03,SPY,-2943548487
2022-01-04,SPY,-2580079532
2022-01-05,SPY,1528080032
2022-01-06,SPY,-2880048807
2022-01-07,SPY,397702686.05
2022-01-10,SPY,582589252.5
2022-01-11,SPY,-302509067.3
2022-01-12,SPY,-1408977450
2022-01-13,SPY,-918424513.5
2022-01-14,SPY,-208950031.4
2022-01-18,SPY,-4345113207
2022-01-19,SPY,-1072024088
2022-01-20,SPY,90353704.6
2022-01-21,SPY,-1921307871
2022-01-24,SPY,350694915.2
2022-01-25,SPY,-1186876784
2022-01-26,SPY,-1432985123
2022-01-27,SPY,-3685541010
2022-01-28,SPY,-1746710155
2022-01-31,SPY,-6826245211
2022-02-01,SPY,-1440549795
2022-02-02,SPY,3490113442.2
2022-02-03,SPY,1555612536.6
2022-02-04,SPY,-870481950
2022-02-07,SPY,291702684
2022-02-08,SPY,-1631992292
2022-02-09,SPY,698866807.05
2022-02-10,SPY,0
2022-02-11,SPY,-1370221171
2022-02-14,SPY,-2468235017
2022-02-15,SPY,-724509340.5
2022-02-16,SPY,356848832.8
2022-02-17,SPY,1897675592
2022-02-18,SPY,-5704471776
2022-02-22,SPY,4926545622.1
2022-02-23,SPY,1976463448.2
2022-02-24,SPY,-3078912160
2022-02-25,SPY,6828143019
2022-02-28,SPY,-1247454388
2022-03-01,SPY,-2183419460
2022-03-02,SPY,-322462475.3
2022-03-03,SPY,1445279566.5
2022-03-04,SPY,-283217552.2
2022-03-07,SPY,5555014792.4
2022-03-08,SPY,-2265684583
2022-03-09,SPY,-4373820045
2022-03-10,SPY,683677075.2
2022-03-11,SPY,-1170142628
2022-03-14,SPY,-1260080814
2022-03-15,SPY,896575830.1
2022-03-16,SPY,638884453.5
2022-03-17,SPY,3004526001.9
2022-03-18,SPY,3151892472.3
2022-03-21,SPY,-3690065659
2022-03-22,SPY,1822095743.6
2022-03-23,SPY,584267322.6
2022-03-24,SPY,-1220843459
2022-03-25,SPY,-720557982.4
2022-03-28,SPY,814733260.2
2022-03-29,SPY,2894721414
2022-03-30,SPY,2030369470.8
2022-03-31,SPY,3622843730.6
2022-04-01,SPY,-6252411065
2022-04-04,SPY,-815350174.2
2022-04-05,SPY,-799121191.8
2022-04-06,SPY,202940980.65
2022-04-07,SPY,-2299983995
2022-04-08,SPY,3252011642.5
2022-04-11,SPY,-3019747277
2022-04-12,SPY,-527786041.2
2022-04-13,SPY,-3265583256
2022-04-14,SPY,3568655626.9
2022-04-18,SPY,-3744269155
2022-04-19,SPY,21891825.25
2022-04-20,SPY,667303105.5
2022-04-21,SPY,1378255650.7
2022-04-22,SPY,2365625876.4
2022-04-25,SPY,-873173670.8
2022-04-26,SPY,-1820567392
2022-04-27,SPY,-3330591392
2022-04-28,SPY,1585357305.8
2022-04-29,SPY,2971411757
2022-05-02,SPY,-2905082206
2022-05-03,SPY,-331525484.8
2022-05-04,SPY,-353946974.3
2022-05-05,SPY,-150092500.3
2022-05-06,SPY,-1881905380
2022-05-09,SPY,5491120571.6
2022-05-12,SPY,0
2022-05-13,SPY,-706049209.8
2022-05-16,SPY,80327365.6
2022-05-17,SPY,-1680313677
2022-05-18,SPY,1632598376
2022-05-19,SPY,1802215494.2
2022-05-20,SPY,116863585.2
2022-05-23,SPY,1616860418
2022-05-24,SPY,1706515062.4
2022-05-25,SPY,2913037616.8
2022-05-26,SPY,-2304751220
2022-05-27,SPY,871325834.5
2022-05-31,SPY,1391382983.4
2022-06-01,SPY,-3735605207
2022-06-02,SPY,-1761856535
2022-06-03,SPY,-229534495.9
2022-06-06,SPY,225807668.35
2022-06-07,SPY,1359091103.7
2022-06-08,SPY,-893896893.6
2022-06-09,SPY,-3413847079
2022-06-10,SPY,-5883305542
2022-06-13,SPY,-448438700.4
2022-06-14,SPY,4254912323.1
2022-06-15,SPY,5809526867.7
2022-06-16,SPY,2672264599.2
2022-06-17,SPY,3007811233.6
2022-06-21,SPY,-4246042378
2022-06-22,SPY,881292845.2
2022-06-23,SPY,-1610491225
2022-06-24,SPY,1682616711.8
2022-06-27,SPY,623485432
2022-06-28,SPY,155412237.6
2022-06-29,SPY,57105287.4
2022-06-30,SPY,-342425322.9
2022-07-01,SPY,-150880845.6
2022-07-05,SPY,-3525924047
2022-07-06,SPY,2233836411.3
2022-07-07,SPY,-1916117745
2022-07-08,SPY,-1575449073
2022-07-11,SPY,-738539636.8
2022-07-12,SPY,2382246298.8
2022-07-13,SPY,-1161103652
2022-07-14,SPY,94750408.25
2022-07-15,SPY,0
2022-07-18,SPY,-905129109.1
2022-07-19,SPY,725688477.6
2022-07-20,SPY,372876102.95
2022-07-21,SPY,236891329.8
2022-07-22,SPY,1495294912.5
2022-07-25,SPY,1402352875.5
2022-07-26,SPY,217550417.7
2022-07-27,SPY,-1857179534
2022-07-28,SPY,-1785371203
2022-07-29,SPY,1380806170.8
2022-08-01,SPY,-1997835925
2022-08-02,SPY,-1437676058
2022-08-03,SPY,163211704
2022-08-04,SPY,994579948.8
2022-08-05,SPY,1780714301.5
2022-08-08,SPY,847668733.15
2022-08-09,SPY,-144547086.3
2022-08-10,SPY,2899399306.7
2022-08-11,SPY,1281073410.5
2022-08-12,SPY,-461825661
2022-08-15,SPY,-1025167001
2022-08-16,SPY,-1415227476
2022-08-17,SPY,322260570.75
2022-08-18,SPY,1855941628.8
2022-08-19,SPY,-470452996.2
2022-08-22,SPY,189985151.25
2022-08-23,SPY,475200387.2
2022-08-24,SPY,-1504898701
2022-08-25,SPY,434180969.25
2022-08-26,SPY,-146764938.6
2022-08-29,SPY,-2998800723
2022-08-30,SPY,-704491110.8
2022-08-31,SPY,218993156.25
2022-09-01,SPY,-177814124.1
2022-09-02,SPY,-1823396125
2022-09-06,SPY,333348965.05
2022-09-07,SPY,1406132157.6
2022-09-08,SPY,218757646.25
2022-09-09,SPY,1201231983
2022-09-12,SPY,-630132345.4
2022-09-13,SPY,-6244517033
2022-09-14,SPY,-1336642979
2022-09-15,SPY,4636091197.8
2022-09-16,SPY,-565721661.5
2022-09-19,SPY,3240457164
2022-09-20,SPY,-407839296.9
2022-09-21,SPY,-2630696126
2022-09-22,SPY,396370608.9
2022-09-23,SPY,673798525.2
2022-09-26,SPY,4267521158
2022-09-27,SPY,-1547374000
2022-09-28,SPY,2125541714.4
2022-09-29,SPY,-1315295885
2022-09-30,SPY,4243980417.3
2022-10-03,SPY,-2626050064
2022-10-04,SPY,-861359470.8
2022-10-05,SPY,-793326298.8
2022-10-06,SPY,-622130500.2
2022-10-07,SPY,-1978405974
2022-10-10,SPY,3701044336.8
2022-10-11,SPY,702253193.85
2022-10-12,SPY,-304120155.3
2022-10-13,SPY,2425025295.6
2022-10-14,SPY,1152642229.2
2022-10-17,SPY,2125826245.9
2022-10-18,SPY,-73345724.4
2022-10-19,SPY,204006519.75
2022-10-20,SPY,-1289570244
2022-10-21,SPY,1389143990.4
2022-10-24,SPY,5295366697.3
2022-10-25,SPY,-2272028592
2022-10-26,SPY,4502431440
2022-10-27,SPY,-1126862665
2022-10-28,SPY,132885555.25
2022-10-31,SPY,4863129162.5
2022-11-01,SPY,-1428818159
2022-11-02,SPY,-3749746094
2022-11-03,SPY,-3281214064
2022-11-04,SPY,-1558548247
2022-11-07,SPY,-319770039.1
2022-11-08,SPY,-854588643.8
2022-11-09,SPY,-630200869.7
2022-11-10,SPY,4021620279
2022-11-11,SPY,2131956471.6
2022-11-14,SPY,2988314070
2022-11-15,SPY,-1619423613
2022-11-16,SPY,-2390644518
2022-11-17,SPY,968369830.4
2022-11-18,SPY,1005002251.5
2022-11-21,SPY,1524578975.2
2022-11-22,SPY,-2465675419
2022-11-23,SPY,679740071.7
2022-11-25,SPY,1488210570.1
2022-11-28,SPY,-2111094542
2022-11-29,SPY,-732486639.4
2022-11-30,SPY,-5633640743
2022-12-01,SPY,1610166225.1
2022-12-02,SPY,-1996015789
2022-12-05,SPY,-651032201.6
2022-12-06,SPY,-279755812
2022-12-07,SPY,1871188970
2022-12-08,SPY,2221653596.9
2022-12-09,SPY,3090458233.2
2022-12-12,SPY,3225282088.8
2022-12-13,SPY,1356320373.8
2022-12-14,SPY,-281279175.1
2022-12-15,SPY,-5672639132
2022-12-16,SPY,-1461002115
2022-12-19,SPY,-536940811.4
2022-12-20,SPY,1368348098.4
2022-12-21,SPY,1522013572
2022-12-22,SPY,-579321649.5
2022-12-23,SPY,513852323.85
2022-12-27,SPY,-765744048
2022-12-28,SPY,-2516918105
2022-12-29,SPY,-2091075165
2022-12-30,SPY,-2051166942
2023-01-03,SPY,1797481987.2
2023-01-04,SPY,-876125825.6
2023-01-05,SPY,76762491.4
2023-01-06,SPY,948519097.5
2023-01-09,SPY,504496626.4
2023-01-10,SPY,174530662.2
2023-01-11,SPY,136692250.1
2023-01-12,SPY,-237341014.8
2023-01-13,SPY,674838072.4
2023-01-17,SPY,-338776159.8
2023-01-18,SPY,-835275306.6
2023-01-19,SPY,567771575.8
2023-01-20,SPY,1204747689.7
2023-01-23,SPY,-574166695
2023-01-24,SPY,681148865.1
2023-01-25,SPY,-20019996.9
2023-01-26,SPY,280231177.8
2023-01-27,SPY,-708334266.5
2023-01-30,SPY,-588372447.9
2023-01-31,SPY,-620859967.9
2023-02-01,SPY,2885574097.7
2023-02-02,SPY,-2443442649
2023-02-03,SPY,-1562663198
2023-02-06,SPY,-1216631539
2023-02-07,SPY,-614871477
2023-02-08,SPY,-1245572619
2023-02-09,SPY,595385378.7
2023-02-10,SPY,-2279498654
2023-02-13,SPY,2754182742.8
2023-02-14,SPY,-2641608141
2023-02-15,SPY,-804735847.5
2023-02-16,SPY,331143094.4
2023-02-17,SPY,-734889762
2023-02-21,SPY,-1180924231
2023-02-22,SPY,-818105705.7
2023-02-23,SPY,398456153
2023-02-24,SPY,-1722603981
2023-02-27,SPY,-515333709.8
2023-02-28,SPY,278371563.4
2023-03-01,SPY,-3628056051
2023-03-02,SPY,-3216517020
2023-03-03,SPY,4374780069
2023-03-06,SPY,2323792051
2023-03-07,SPY,283099485.9
2023-03-08,SPY,-2090868759
2023-03-09,SPY,219370371
2023-03-10,SPY,-5188484900
2023-03-13,SPY,810371885.4
2023-03-14,SPY,-1791478400
2023-03-15,SPY,2154944049.5
2023-03-16,SPY,7198288006.5
2023-03-17,SPY,6177028650
2023-03-20,SPY,604683155.75
2023-03-21,SPY,-1751524423
2023-03-22,SPY,-657919584.3
2023-03-23,SPY,-4588802618
2023-03-24,SPY,-1258908422
2023-03-27,SPY,4371659984.9
2023-03-28,SPY,-1386965594
2023-03-29,SPY,-1681559713
2023-03-30,SPY,1845940444.6
2023-03-31,SPY,-2805278957
2023-04-03,SPY,1064640012.8
2023-04-04,SPY,-1952197451
2023-04-05,SPY,163457442
2023-04-06,SPY,-1100724258
2023-04-10,SPY,265989463.35
2023-04-11,SPY,1966225929.6
2023-04-12,SPY,2642000876.6
2023-04-13,SPY,1672504611.4
2023-04-14,SPY,-82679427.4
2023-04-17,SPY,-969471375.9
2023-04-18,SPY,-931296681
2023-04-19,SPY,-787098774.7
2023-04-20,SPY,662761331.2
2023-04-21,SPY,844204559.1
2023-04-24,SPY,3132586065.2
2023-04-25,SPY,1175716334
2023-04-26,SPY,-1421117586
2023-04-27,SPY,-3822312885
2023-04-28,SPY,-2680535670
2023-05-01,SPY,2183109033
2023-05-02,SPY,-2265359186
2023-05-03,SPY,369769665.6
2023-05-04,SPY,1713572834.4
2023-05-05,SPY,2876172057.6
2023-05-08,SPY,887067128.3
2023-05-09,SPY,-1486014962
2023-05-10,SPY,2897002518.2
2023-05-11,SPY,-144470368
2023-05-12,SPY,-226687800.9
2023-05-15,SPY,576237481.4
2023-05-16,SPY,-639946491.2
2023-05-17,SPY,-1661558767
2023-05-18,SPY,3653871522.4
2023-05-19,SPY,2850563434
2023-05-22,SPY,-1255808844
2023-05-23,SPY,-1444566674
2023-05-24,SPY,641753614.5
2023-05-25,SPY,4295151758.2
2023-05-26,SPY,373160968.2
2023-05-30,SPY,-126013857
2023-05-31,SPY,4032766387.2
2023-06-01,SPY,-313204326.8
2023-06-02,SPY,-2045656164
2023-06-05,SPY,-2588904499
2023-06-06,SPY,-256241773.8
2023-06-07,SPY,4473449679.1
2023-06-08,SPY,-703667811
2023-06-09,SPY,836832092.85
2023-06-12,SPY,-2642316190
2023-06-13,SPY,260182558.8
2023-06-14,SPY,-4803145655
2023-06-15,SPY,-1682863290
2023-06-16,SPY,-707983112
2023-06-20,SPY,2745219568.8
2023-06-21,SPY,3322389787.6
2023-06-22,SPY,-4783795533
2023-06-23,SPY,4299936602
2023-06-26,SPY,1364578251.8
2023-06-27,SPY,840961705.35
2023-06-28,SPY,654302275.5
2023-06-29,SPY,2485469963.4
2023-06-30,SPY,766586801.75
