DATE,GDP,CPI,Interest_Rate,Unemployment_Rate
2017-08-01,,245.519,1.16,4.4
2017-08-02,,245.519,1.16,4.4
2017-08-03,,245.519,1.16,4.4
2017-08-04,,245.519,1.16,4.4
2017-08-05,,245.519,1.16,4.4
2017-08-06,,245.519,1.16,4.4
2017-08-07,,245.519,1.16,4.4
2017-08-08,,245.519,1.16,4.4
2017-08-09,,245.519,1.16,4.4
2017-08-10,,245.519,1.16,4.4
2017-08-11,,245.519,1.16,4.4
2017-08-12,,245.519,1.16,4.4
2017-08-13,,245.519,1.16,4.4
2017-08-14,,245.519,1.16,4.4
2017-08-15,,245.519,1.16,4.4
2017-08-16,,245.519,1.16,4.4
2017-08-17,,245.519,1.16,4.4
2017-08-18,,245.519,1.16,4.4
2017-08-19,,245.519,1.16,4.4
2017-08-20,,245.519,1.16,4.4
2017-08-21,,245.519,1.16,4.4
2017-08-22,,245.519,1.16,4.4
2017-08-23,,245.519,1.16,4.4
2017-08-24,,245.519,1.16,4.4
2017-08-25,,245.519,1.16,4.4
2017-08-26,,245.519,1.16,4.4
2017-08-27,,245.519,1.16,4.4
2017-08-28,,245.519,1.16,4.4
2017-08-29,,245.519,1.16,4.4
2017-08-30,,245.519,1.16,4.4
2017-08-31,,245.519,1.16,4.4
2017-09-01,,246.819,1.15,4.3
2017-09-02,,246.819,1.15,4.3
2017-09-03,,246.819,1.15,4.3
2017-09-04,,246.819,1.15,4.3
2017-09-05,,246.819,1.15,4.3
2017-09-06,,246.819,1.15,4.3
2017-09-07,,246.819,1.15,4.3
2017-09-08,,246.819,1.15,4.3
2017-09-09,,246.819,1.15,4.3
2017-09-10,,246.819,1.15,4.3
2017-09-11,,246.819,1.15,4.3
2017-09-12,,246.819,1.15,4.3
2017-09-13,,246.819,1.15,4.3
2017-09-14,,246.819,1.15,4.3
2017-09-15,,246.819,1.15,4.3
2017-09-16,,246.819,1.15,4.3
2017-09-17,,246.819,1.15,4.3
2017-09-18,,246.819,1.15,4.3
2017-09-19,,246.819,1.15,4.3
2017-09-20,,246.819,1.15,4.3
2017-09-21,,246.819,1.15,4.3
2017-09-22,,246.819,1.15,4.3
2017-09-23,,246.819,1.15,4.3
2017-09-24,,246.819,1.15,4.3
2017-09-25,,246.819,1.15,4.3
2017-09-26,,246.819,1.15,4.3
2017-09-27,,246.819,1.15,4.3
2017-09-28,,246.819,1.15,4.3
2017-09-29,,246.819,1.15,4.3
2017-09-30,,246.819,1.15,4.3
2017-10-01,19894.75,246.663,1.15,4.2
2017-10-02,19894.75,246.663,1.15,4.2
2017-10-03,19894.75,246.663,1.15,4.2
2017-10-04,19894.75,246.663,1.15,4.2
2017-10-05,19894.75,246.663,1.15,4.2
2017-10-06,19894.75,246.663,1.15,4.2
2017-10-07,19894.75,246.663,1.15,4.2
2017-10-08,19894.75,246.663,1.15,4.2
2017-10-09,19894.75,246.663,1.15,4.2
2017-10-10,19894.75,246.663,1.15,4.2
2017-10-11,19894.75,246.663,1.15,4.2
2017-10-12,19894.75,246.663,1.15,4.2
2017-10-13,19894.75,246.663,1.15,4.2
2017-10-14,19894.75,246.663,1.15,4.2
2017-10-15,19894.75,246.663,1.15,4.2
2017-10-16,19894.75,246.663,1.15,4.2
2017-10-17,19894.75,246.663,1.15,4.2
2017-10-18,19894.75,246.663,1.15,4.2
2017-10-19,19894.75,246.663,1.15,4.2
2017-10-20,19894.75,246.663,1.15,4.2
2017-10-21,19894.75,246.663,1.15,4.2
2017-10-22,19894.75,246.663,1.15,4.2
2017-10-23,19894.75,246.663,1.15,4.2
2017-10-24,19894.75,246.663,1.15,4.2
2017-10-25,19894.75,246.663,1.15,4.2
2017-10-26,19894.75,246.663,1.15,4.2
2017-10-27,19894.75,246.663,1.15,4.2
2017-10-28,19894.75,246.663,1.15,4.2
2017-10-29,19894.75,246.663,1.15,4.2
2017-10-30,19894.75,246.663,1.15,4.2
2017-10-31,19894.75,246.663,1.15,4.2
2017-11-01,19894.75,246.669,1.16,4.2
2017-11-02,19894.75,246.669,1.16,4.2
2017-11-03,19894.75,246.669,1.16,4.2
2017-11-04,19894.75,246.669,1.16,4.2
2017-11-05,19894.75,246.669,1.16,4.2
2017-11-06,19894.75,246.669,1.16,4.2
2017-11-07,19894.75,246.669,1.16,4.2
2017-11-08,19894.75,246.669,1.16,4.2
2017-11-09,19894.75,246.669,1.16,4.2
2017-11-10,19894.75,246.669,1.16,4.2
2017-11-11,19894.75,246.669,1.16,4.2
2017-11-12,19894.75,246.669,1.16,4.2
2017-11-13,19894.75,246.669,1.16,4.2
2017-11-14,19894.75,246.669,1.16,4.2
2017-11-15,19894.75,246.669,1.16,4.2
2017-11-16,19894.75,246.669,1.16,4.2
2017-11-17,19894.75,246.669,1.16,4.2
2017-11-18,19894.75,246.669,1.16,4.2
2017-11-19,19894.75,246.669,1.16,4.2
2017-11-20,19894.75,246.669,1.16,4.2
2017-11-21,19894.75,246.669,1.16,4.2
2017-11-22,19894.75,246.669,1.16,4.2
2017-11-23,19894.75,246.669,1.16,4.2
2017-11-24,19894.75,246.669,1.16,4.2
2017-11-25,19894.75,246.669,1.16,4.2
2017-11-26,19894.75,246.669,1.16,4.2
2017-11-27,19894.75,246.669,1.16,4.2
2017-11-28,19894.75,246.669,1.16,4.2
2017-11-29,19894.75,246.669,1.16,4.2
2017-11-30,19894.75,246.669,1.16,4.2
2017-12-01,19894.75,246.524,1.3,4.1
2017-12-02,19894.75,246.524,1.3,4.1
2017-12-03,19894.75,246.524,1.3,4.1
2017-12-04,19894.75,246.524,1.3,4.1
2017-12-05,19894.75,246.524,1.3,4.1
2017-12-06,19894.75,246.524,1.3,4.1
2017-12-07,19894.75,246.524,1.3,4.1
2017-12-08,19894.75,246.524,1.3,4.1
2017-12-09,19894.75,246.524,1.3,4.1
2017-12-10,19894.75,246.524,1.3,4.1
2017-12-11,19894.75,246.524,1.3,4.1
2017-12-12,19894.75,246.524,1.3,4.1
2017-12-13,19894.75,246.524,1.3,4.1
2017-12-14,19894.75,246.524,1.3,4.1
2017-12-15,19894.75,246.524,1.3,4.1
2017-12-16,19894.75,246.524,1.3,4.1
2017-12-17,19894.75,246.524,1.3,4.1
2017-12-18,19894.75,246.524,1.3,4.1
2017-12-19,19894.75,246.524,1.3,4.1
2017-12-20,19894.75,246.524,1.3,4.1
2017-12-21,19894.75,246.524,1.3,4.1
2017-12-22,19894.75,246.524,1.3,4.1
2017-12-23,19894.75,246.524,1.3,4.1
2017-12-24,19894.75,246.524,1.3,4.1
2017-12-25,19894.75,246.524,1.3,4.1
2017-12-26,19894.75,246.524,1.3,4.1
2017-12-27,19894.75,246.524,1.3,4.1
2017-12-28,19894.75,246.524,1.3,4.1
2017-12-29,19894.75,246.524,1.3,4.1
2017-12-30,19894.75,246.524,1.3,4.1
2017-12-31,19894.75,246.524,1.3,4.1
2018-01-01,20155.486,247.867,1.41,4.0
2018-01-02,20155.486,247.867,1.41,4.0
2018-01-03,20155.486,247.867,1.41,4.0
2018-01-04,20155.486,247.867,1.41,4.0
2018-01-05,20155.486,247.867,1.41,4.0
2018-01-06,20155.486,247.867,1.41,4.0
2018-01-07,20155.486,247.867,1.41,4.0
2018-01-08,20155.486,247.867,1.41,4.0
2018-01-09,20155.486,247.867,1.41,4.0
2018-01-10,20155.486,247.867,1.41,4.0
2018-01-11,20155.486,247.867,1.41,4.0
2018-01-12,20155.486,247.867,1.41,4.0
2018-01-13,20155.486,247.867,1.41,4.0
2018-01-14,20155.486,247.867,1.41,4.0
2018-01-15,20155.486,247.867,1.41,4.0
2018-01-16,20155.486,247.867,1.41,4.0
2018-01-17,20155.486,247.867,1.41,4.0
2018-01-18,20155.486,247.867,1.41,4.0
2018-01-19,20155.486,247.867,1.41,4.0
2018-01-20,20155.486,247.867,1.41,4.0
2018-01-21,20155.486,247.867,1.41,4.0
2018-01-22,20155.486,247.867,1.41,4.0
2018-01-23,20155.486,247.867,1.41,4.0
2018-01-24,20155.486,247.867,1.41,4.0
2018-01-25,20155.486,247.867,1.41,4.0
2018-01-26,20155.486,247.867,1.41,4.0
2018-01-27,20155.486,247.867,1.41,4.0
2018-01-28,20155.486,247.867,1.41,4.0
2018-01-29,20155.486,247.867,1.41,4.0
2018-01-30,20155.486,247.867,1.41,4.0
2018-01-31,20155.486,247.867,1.41,4.0
2018-02-01,20155.486,248.991,1.42,4.1
2018-02-02,20155.486,248.991,1.42,4.1
2018-02-03,20155.486,248.991,1.42,4.1
2018-02-04,20155.486,248.991,1.42,4.1
2018-02-05,20155.486,248.991,1.42,4.1
2018-02-06,20155.486,248.991,1.42,4.1
2018-02-07,20155.486,248.991,1.42,4.1
2018-02-08,20155.486,248.991,1.42,4.1
2018-02-09,20155.486,248.991,1.42,4.1
2018-02-10,20155.486,248.991,1.42,4.1
2018-02-11,20155.486,248.991,1.42,4.1
2018-02-12,20155.486,248.991,1.42,4.1
2018-02-13,20155.486,248.991,1.42,4.1
2018-02-14,20155.486,248.991,1.42,4.1
2018-02-15,20155.486,248.991,1.42,4.1
2018-02-16,20155.486,248.991,1.42,4.1
2018-02-17,20155.486,248.991,1.42,4.1
2018-02-18,20155.486,248.991,1.42,4.1
2018-02-19,20155.486,248.991,1.42,4.1
2018-02-20,20155.486,248.991,1.42,4.1
2018-02-21,20155.486,248.991,1.42,4.1
2018-02-22,20155.486,248.991,1.42,4.1
2018-02-23,20155.486,248.991,1.42,4.1
2018-02-24,20155.486,248.991,1.42,4.1
2018-02-25,20155.486,248.991,1.42,4.1
2018-02-26,20155.486,248.991,1.42,4.1
2018-02-27,20155.486,248.991,1.42,4.1
2018-02-28,20155.486,248.991,1.42,4.1
2018-03-01,20155.486,249.554,1.51,4.0
2018-03-02,20155.486,249.554,1.51,4.0
2018-03-03,20155.486,249.554,1.51,4.0
2018-03-04,20155.486,249.554,1.51,4.0
2018-03-05,20155.486,249.554,1.51,4.0
2018-03-06,20155.486,249.554,1.51,4.0
2018-03-07,20155.486,249.554,1.51,4.0
2018-03-08,20155.486,249.554,1.51,4.0
2018-03-09,20155.486,249.554,1.51,4.0
2018-03-10,20155.486,249.554,1.51,4.0
2018-03-11,20155.486,249.554,1.51,4.0
2018-03-12,20155.486,249.554,1.51,4.0
2018-03-13,20155.486,249.554,1.51,4.0
2018-03-14,20155.486,249.554,1.51,4.0
2018-03-15,20155.486,249.554,1.51,4.0
2018-03-16,20155.486,249.554,1.51,4.0
2018-03-17,20155.486,249.554,1.51,4.0
2018-03-18,20155.486,249.554,1.51,4.0
2018-03-19,20155.486,249.554,1.51,4.0
2018-03-20,20155.486,249.554,1.51,4.0
2018-03-21,20155.486,249.554,1.51,4.0
2018-03-22,20155.486,249.554,1.51,4.0
2018-03-23,20155.486,249.554,1.51,4.0
2018-03-24,20155.486,249.554,1.51,4.0
2018-03-25,20155.486,249.554,1.51,4.0
2018-03-26,20155.486,249.554,1.51,4.0
2018-03-27,20155.486,249.554,1.51,4.0
2018-03-28,20155.486,249.554,1.51,4.0
2018-03-29,20155.486,249.554,1.51,4.0
2018-03-30,20155.486,249.554,1.51,4.0
2018-03-31,20155.486,249.554,1.51,4.0
2018-04-01,20470.197,250.546,1.69,4.0
2018-04-02,20470.197,250.546,1.69,4.0
2018-04-03,20470.197,250.546,1.69,4.0
2018-04-04,20470.197,250.546,1.69,4.0
2018-04-05,20470.197,250.546,1.69,4.0
2018-04-06,20470.197,250.546,1.69,4.0
2018-04-07,20470.197,250.546,1.69,4.0
2018-04-08,20470.197,250.546,1.69,4.0
2018-04-09,20470.197,250.546,1.69,4.0
2018-04-10,20470.197,250.546,1.69,4.0
2018-04-11,20470.197,250.546,1.69,4.0
2018-04-12,20470.197,250.546,1.69,4.0
2018-04-13,20470.197,250.546,1.69,4.0
2018-04-14,20470.197,250.546,1.69,4.0
2018-04-15,20470.197,250.546,1.69,4.0
2018-04-16,20470.197,250.546,1.69,4.0
2018-04-17,20470.197,250.546,1.69,4.0
2018-04-18,20470.197,250.546,1.69,4.0
2018-04-19,20470.197,250.546,1.69,4.0
2018-04-20,20470.197,250.546,1.69,4.0
2018-04-21,20470.197,250.546,1.69,4.0
2018-04-22,20470.197,250.546,1.69,4.0
2018-04-23,20470.197,250.546,1.69,4.0
2018-04-24,20470.197,250.546,1.69,4.0
2018-04-25,20470.197,250.546,1.69,4.0
2018-04-26,20470.197,250.546,1.69,4.0
2018-04-27,20470.197,250.546,1.69,4.0
2018-04-28,20470.197,250.546,1.69,4.0
2018-04-29,20470.197,250.546,1.69,4.0
2018-04-30,20470.197,250.546,1.69,4.0
2018-05-01,20470.197,251.588,1.7,3.8
2018-05-02,20470.197,251.588,1.7,3.8
2018-05-03,20470.197,251.588,1.7,3.8
2018-05-04,20470.197,251.588,1.7,3.8
2018-05-05,20470.197,251.588,1.7,3.8
2018-05-06,20470.197,251.588,1.7,3.8
2018-05-07,20470.197,251.588,1.7,3.8
2018-05-08,20470.197,251.588,1.7,3.8
2018-05-09,20470.197,251.588,1.7,3.8
2018-05-10,20470.197,251.588,1.7,3.8
2018-05-11,20470.197,251.588,1.7,3.8
2018-05-12,20470.197,251.588,1.7,3.8
2018-05-13,20470.197,251.588,1.7,3.8
2018-05-14,20470.197,251.588,1.7,3.8
2018-05-15,20470.197,251.588,1.7,3.8
2018-05-16,20470.197,251.588,1.7,3.8
2018-05-17,20470.197,251.588,1.7,3.8
2018-05-18,20470.197,251.588,1.7,3.8
2018-05-19,20470.197,251.588,1.7,3.8
2018-05-20,20470.197,251.588,1.7,3.8
2018-05-21,20470.197,251.588,1.7,3.8
2018-05-22,20470.197,251.588,1.7,3.8
2018-05-23,20470.197,251.588,1.7,3.8
2018-05-24,20470.197,251.588,1.7,3.8
2018-05-25,20470.197,251.588,1.7,3.8
2018-05-26,20470.197,251.588,1.7,3.8
2018-05-27,20470.197,251.588,1.7,3.8
2018-05-28,20470.197,251.588,1.7,3.8
2018-05-29,20470.197,251.588,1.7,3.8
2018-05-30,20470.197,251.588,1.7,3.8
2018-05-31,20470.197,251.588,1.7,3.8
2018-06-01,20470.197,251.989,1.82,4.0
2018-06-02,20470.197,251.989,1.82,4.0
2018-06-03,20470.197,251.989,1.82,4.0
2018-06-04,20470.197,251.989,1.82,4.0
2018-06-05,20470.197,251.989,1.82,4.0
2018-06-06,20470.197,251.989,1.82,4.0
2018-06-07,20470.197,251.989,1.82,4.0
2018-06-08,20470.197,251.989,1.82,4.0
2018-06-09,20470.197,251.989,1.82,4.0
2018-06-10,20470.197,251.989,1.82,4.0
2018-06-11,20470.197,251.989,1.82,4.0
2018-06-12,20470.197,251.989,1.82,4.0
2018-06-13,20470.197,251.989,1.82,4.0
2018-06-14,20470.197,251.989,1.82,4.0
2018-06-15,20470.197,251.989,1.82,4.0
2018-06-16,20470.197,251.989,1.82,4.0
2018-06-17,20470.197,251.989,1.82,4.0
2018-06-18,20470.197,251.989,1.82,4.0
2018-06-19,20470.197,251.989,1.82,4.0
2018-06-20,20470.197,251.989,1.82,4.0
2018-06-21,20470.197,251.989,1.82,4.0
2018-06-22,20470.197,251.989,1.82,4.0
2018-06-23,20470.197,251.989,1.82,4.0
2018-06-24,20470.197,251.989,1.82,4.0
2018-06-25,20470.197,251.989,1.82,4.0
2018-06-26,20470.197,251.989,1.82,4.0
2018-06-27,20470.197,251.989,1.82,4.0
2018-06-28,20470.197,251.989,1.82,4.0
2018-06-29,20470.197,251.989,1.82,4.0
2018-06-30,20470.197,251.989,1.82,4.0
2018-07-01,20687.278,252.006,1.91,3.8
2018-07-02,20687.278,252.006,1.91,3.8
2018-07-03,20687.278,252.006,1.91,3.8
2018-07-04,20687.278,252.006,1.91,3.8
2018-07-05,20687.278,252.006,1.91,3.8
2018-07-06,20687.278,252.006,1.91,3.8
2018-07-07,20687.278,252.006,1.91,3.8
2018-07-08,20687.278,252.006,1.91,3.8
2018-07-09,20687.278,252.006,1.91,3.8
2018-07-10,20687.278,252.006,1.91,3.8
2018-07-11,20687.278,252.006,1.91,3.8
2018-07-12,20687.278,252.006,1.91,3.8
2018-07-13,20687.278,252.006,1.91,3.8
2018-07-14,20687.278,252.006,1.91,3.8
2018-07-15,20687.278,252.006,1.91,3.8
2018-07-16,20687.278,252.006,1.91,3.8
2018-07-17,20687.278,252.006,1.91,3.8
2018-07-18,20687.278,252.006,1.91,3.8
2018-07-19,20687.278,252.006,1.91,3.8
2018-07-20,20687.278,252.006,1.91,3.8
2018-07-21,20687.278,252.006,1.91,3.8
2018-07-22,20687.278,252.006,1.91,3.8
2018-07-23,20687.278,252.006,1.91,3.8
2018-07-24,20687.278,252.006,1.91,3.8
2018-07-25,20687.278,252.006,1.91,3.8
2018-07-26,20687.278,252.006,1.91,3.8
2018-07-27,20687.278,252.006,1.91,3.8
2018-07-28,20687.278,252.006,1.91,3.8
2018-07-29,20687.278,252.006,1.91,3.8
2018-07-30,20687.278,252.006,1.91,3.8
2018-07-31,20687.278,252.006,1.91,3.8
2018-08-01,20687.278,252.146,1.91,3.8
2018-08-02,20687.278,252.146,1.91,3.8
2018-08-03,20687.278,252.146,1.91,3.8
2018-08-04,20687.278,252.146,1.91,3.8
2018-08-05,20687.278,252.146,1.91,3.8
2018-08-06,20687.278,252.146,1.91,3.8
2018-08-07,20687.278,252.146,1.91,3.8
2018-08-08,20687.278,252.146,1.91,3.8
2018-08-09,20687.278,252.146,1.91,3.8
2018-08-10,20687.278,252.146,1.91,3.8
2018-08-11,20687.278,252.146,1.91,3.8
2018-08-12,20687.278,252.146,1.91,3.8
2018-08-13,20687.278,252.146,1.91,3.8
2018-08-14,20687.278,252.146,1.91,3.8
2018-08-15,20687.278,252.146,1.91,3.8
2018-08-16,20687.278,252.146,1.91,3.8
2018-08-17,20687.278,252.146,1.91,3.8
2018-08-18,20687.278,252.146,1.91,3.8
2018-08-19,20687.278,252.146,1.91,3.8
2018-08-20,20687.278,252.146,1.91,3.8
2018-08-21,20687.278,252.146,1.91,3.8
2018-08-22,20687.278,252.146,1.91,3.8
2018-08-23,20687.278,252.146,1.91,3.8
2018-08-24,20687.278,252.146,1.91,3.8
2018-08-25,20687.278,252.146,1.91,3.8
2018-08-26,20687.278,252.146,1.91,3.8
2018-08-27,20687.278,252.146,1.91,3.8
2018-08-28,20687.278,252.146,1.91,3.8
2018-08-29,20687.278,252.146,1.91,3.8
2018-08-30,20687.278,252.146,1.91,3.8
2018-08-31,20687.278,252.146,1.91,3.8
2018-09-01,20687.278,252.439,1.95,3.7
2018-09-02,20687.278,252.439,1.95,3.7
2018-09-03,20687.278,252.439,1.95,3.7
2018-09-04,20687.278,252.439,1.95,3.7
2018-09-05,20687.278,252.439,1.95,3.7
2018-09-06,20687.278,252.439,1.95,3.7
2018-09-07,20687.278,252.439,1.95,3.7
2018-09-08,20687.278,252.439,1.95,3.7
2018-09-09,20687.278,252.439,1.95,3.7
2018-09-10,20687.278,252.439,1.95,3.7
2018-09-11,20687.278,252.439,1.95,3.7
2018-09-12,20687.278,252.439,1.95,3.7
2018-09-13,20687.278,252.439,1.95,3.7
2018-09-14,20687.278,252.439,1.95,3.7
2018-09-15,20687.278,252.439,1.95,3.7
2018-09-16,20687.278,252.439,1.95,3.7
2018-09-17,20687.278,252.439,1.95,3.7
2018-09-18,20687.278,252.439,1.95,3.7
2018-09-19,20687.278,252.439,1.95,3.7
2018-09-20,20687.278,252.439,1.95,3.7
2018-09-21,20687.278,252.439,1.95,3.7
2018-09-22,20687.278,252.439,1.95,3.7
2018-09-23,20687.278,252.439,1.95,3.7
2018-09-24,20687.278,252.439,1.95,3.7
2018-09-25,20687.278,252.439,1.95,3.7
2018-09-26,20687.278,252.439,1.95,3.7
2018-09-27,20687.278,252.439,1.95,3.7
2018-09-28,20687.278,252.439,1.95,3.7
2018-09-29,20687.278,252.439,1.95,3.7
2018-09-30,20687.278,252.439,1.95,3.7
2018-10-01,20819.269,252.885,2.19,3.8
2018-10-02,20819.269,252.885,2.19,3.8
2018-10-03,20819.269,252.885,2.19,3.8
2018-10-04,20819.269,252.885,2.19,3.8
2018-10-05,20819.269,252.885,2.19,3.8
2018-10-06,20819.269,252.885,2.19,3.8
2018-10-07,20819.269,252.885,2.19,3.8
2018-10-08,20819.269,252.885,2.19,3.8
2018-10-09,20819.269,252.885,2.19,3.8
2018-10-10,20819.269,252.885,2.19,3.8
2018-10-11,20819.269,252.885,2.19,3.8
2018-10-12,20819.269,252.885,2.19,3.8
2018-10-13,20819.269,252.885,2.19,3.8
2018-10-14,20819.269,252.885,2.19,3.8
2018-10-15,20819.269,252.885,2.19,3.8
2018-10-16,20819.269,252.885,2.19,3.8
2018-10-17,20819.269,252.885,2.19,3.8
2018-10-18,20819.269,252.885,2.19,3.8
2018-10-19,20819.269,252.885,2.19,3.8
2018-10-20,20819.269,252.885,2.19,3.8
2018-10-21,20819.269,252.885,2.19,3.8
2018-10-22,20819.269,252.885,2.19,3.8
2018-10-23,20819.269,252.885,2.19,3.8
2018-10-24,20819.269,252.885,2.19,3.8
2018-10-25,20819.269,252.885,2.19,3.8
2018-10-26,20819.269,252.885,2.19,3.8
2018-10-27,20819.269,252.885,2.19,3.8
2018-10-28,20819.269,252.885,2.19,3.8
2018-10-29,20819.269,252.885,2.19,3.8
2018-10-30,20819.269,252.885,2.19,3.8
2018-10-31,20819.269,252.885,2.19,3.8
2018-11-01,20819.269,252.038,2.2,3.8
2018-11-02,20819.269,252.038,2.2,3.8
2018-11-03,20819.269,252.038,2.2,3.8
2018-11-04,20819.269,252.038,2.2,3.8
2018-11-05,20819.269,252.038,2.2,3.8
2018-11-06,20819.269,252.038,2.2,3.8
2018-11-07,20819.269,252.038,2.2,3.8
2018-11-08,20819.269,252.038,2.2,3.8
2018-11-09,20819.269,252.038,2.2,3.8
2018-11-10,20819.269,252.038,2.2,3.8
2018-11-11,20819.269,252.038,2.2,3.8
2018-11-12,20819.269,252.038,2.2,3.8
2018-11-13,20819.269,252.038,2.2,3.8
2018-11-14,20819.269,252.038,2.2,3.8
2018-11-15,20819.269,252.038,2.2,3.8
2018-11-16,20819.269,252.038,2.2,3.8
2018-11-17,20819.269,252.038,2.2,3.8
2018-11-18,20819.269,252.038,2.2,3.8
2018-11-19,20819.269,252.038,2.2,3.8
2018-11-20,20819.269,252.038,2.2,3.8
2018-11-21,20819.269,252.038,2.2,3.8
2018-11-22,20819.269,252.038,2.2,3.8
2018-11-23,20819.269,252.038,2.2,3.8
2018-11-24,20819.269,252.038,2.2,3.8
2018-11-25,20819.269,252.038,2.2,3.8
2018-11-26,20819.269,252.038,2.2,3.8
2018-11-27,20819.269,252.038,2.2,3.8
2018-11-28,20819.269,252.038,2.2,3.8
2018-11-29,20819.269,252.038,2.2,3.8
2018-11-30,20819.269,252.038,2.2,3.8
2018-12-01,20819.269,251.233,2.27,3.9
2018-12-02,20819.269,251.233,2.27,3.9
2018-12-03,20819.269,251.233,2.27,3.9
2018-12-04,20819.269,251.233,2.27,3.9
2018-12-05,20819.269,251.233,2.27,3.9
2018-12-06,20819.269,251.233,2.27,3.9
2018-12-07,20819.269,251.233,2.27,3.9
2018-12-08,20819.269,251.233,2.27,3.9
2018-12-09,20819.269,251.233,2.27,3.9
2018-12-10,20819.269,251.233,2.27,3.9
2018-12-11,20819.269,251.233,2.27,3.9
2018-12-12,20819.269,251.233,2.27,3.9
2018-12-13,20819.269,251.233,2.27,3.9
2018-12-14,20819.269,251.233,2.27,3.9
2018-12-15,20819.269,251.233,2.27,3.9
2018-12-16,20819.269,251.233,2.27,3.9
2018-12-17,20819.269,251.233,2.27,3.9
2018-12-18,20819.269,251.233,2.27,3.9
2018-12-19,20819.269,251.233,2.27,3.9
2018-12-20,20819.269,251.233,2.27,3.9
2018-12-21,20819.269,251.233,2.27,3.9
2018-12-22,20819.269,251.233,2.27,3.9
2018-12-23,20819.269,251.233,2.27,3.9
2018-12-24,20819.269,251.233,2.27,3.9
2018-12-25,20819.269,251.233,2.27,3.9
2018-12-26,20819.269,251.233,2.27,3.9
2018-12-27,20819.269,251.233,2.27,3.9
2018-12-28,20819.269,251.233,2.27,3.9
2018-12-29,20819.269,251.233,2.27,3.9
2018-12-30,20819.269,251.233,2.27,3.9
2018-12-31,20819.269,251.233,2.27,3.9
2019-01-01,21013.085,251.712,2.4,4.0
2019-01-02,21013.085,251.712,2.4,4.0
2019-01-03,21013.085,251.712,2.4,4.0
2019-01-04,21013.085,251.712,2.4,4.0
2019-01-05,21013.085,251.712,2.4,4.0
2019-01-06,21013.085,251.712,2.4,4.0
2019-01-07,21013.085,251.712,2.4,4.0
2019-01-08,21013.085,251.712,2.4,4.0
2019-01-09,21013.085,251.712,2.4,4.0
2019-01-10,21013.085,251.712,2.4,4.0
2019-01-11,21013.085,251.712,2.4,4.0
2019-01-12,21013.085,251.712,2.4,4.0
2019-01-13,21013.085,251.712,2.4,4.0
2019-01-14,21013.085,251.712,2.4,4.0
2019-01-15,21013.085,251.712,2.4,4.0
2019-01-16,21013.085,251.712,2.4,4.0
2019-01-17,21013.085,251.712,2.4,4.0
2019-01-18,21013.085,251.712,2.4,4.0
2019-01-19,21013.085,251.712,2.4,4.0
2019-01-20,21013.085,251.712,2.4,4.0
2019-01-21,21013.085,251.712,2.4,4.0
2019-01-22,21013.085,251.712,2.4,4.0
2019-01-23,21013.085,251.712,2.4,4.0
2019-01-24,21013.085,251.712,2.4,4.0
2019-01-25,21013.085,251.712,2.4,4.0
2019-01-26,21013.085,251.712,2.4,4.0
2019-01-27,21013.085,251.712,2.4,4.0
2019-01-28,21013.085,251.712,2.4,4.0
2019-01-29,21013.085,251.712,2.4,4.0
2019-01-30,21013.085,251.712,2.4,4.0
2019-01-31,21013.085,251.712,2.4,4.0
2019-02-01,21013.085,252.776,2.4,3.8
2019-02-02,21013.085,252.776,2.4,3.8
2019-02-03,21013.085,252.776,2.4,3.8
2019-02-04,21013.085,252.776,2.4,3.8
2019-02-05,21013.085,252.776,2.4,3.8
2019-02-06,21013.085,252.776,2.4,3.8
2019-02-07,21013.085,252.776,2.4,3.8
2019-02-08,21013.085,252.776,2.4,3.8
2019-02-09,21013.085,252.776,2.4,3.8
2019-02-10,21013.085,252.776,2.4,3.8
2019-02-11,21013.085,252.776,2.4,3.8
2019-02-12,21013.085,252.776,2.4,3.8
2019-02-13,21013.085,252.776,2.4,3.8
2019-02-14,21013.085,252.776,2.4,3.8
2019-02-15,21013.085,252.776,2.4,3.8
2019-02-16,21013.085,252.776,2.4,3.8
2019-02-17,21013.085,252.776,2.4,3.8
2019-02-18,21013.085,252.776,2.4,3.8
2019-02-19,21013.085,252.776,2.4,3.8
2019-02-20,21013.085,252.776,2.4,3.8
2019-02-21,21013.085,252.776,2.4,3.8
2019-02-22,21013.085,252.776,2.4,3.8
2019-02-23,21013.085,252.776,2.4,3.8
2019-02-24,21013.085,252.776,2.4,3.8
2019-02-25,21013.085,252.776,2.4,3.8
2019-02-26,21013.085,252.776,2.4,3.8
2019-02-27,21013.085,252.776,2.4,3.8
2019-02-28,21013.085,252.776,2.4,3.8
2019-03-01,21013.085,254.202,2.41,3.8
2019-03-02,21013.085,254.202,2.41,3.8
2019-03-03,21013.085,254.202,2.41,3.8
2019-03-04,21013.085,254.202,2.41,3.8
2019-03-05,21013.085,254.202,2.41,3.8
2019-03-06,21013.085,254.202,2.41,3.8
2019-03-07,21013.085,254.202,2.41,3.8
2019-03-08,21013.085,254.202,2.41,3.8
2019-03-09,21013.085,254.202,2.41,3.8
2019-03-10,21013.085,254.202,2.41,3.8
2019-03-11,21013.085,254.202,2.41,3.8
2019-03-12,21013.085,254.202,2.41,3.8
2019-03-13,21013.085,254.202,2.41,3.8
2019-03-14,21013.085,254.202,2.41,3.8
2019-03-15,21013.085,254.202,2.41,3.8
2019-03-16,21013.085,254.202,2.41,3.8
2019-03-17,21013.085,254.202,2.41,3.8
2019-03-18,21013.085,254.202,2.41,3.8
2019-03-19,21013.085,254.202,2.41,3.8
2019-03-20,21013.085,254.202,2.41,3.8
2019-03-21,21013.085,254.202,2.41,3.8
2019-03-22,21013.085,254.202,2.41,3.8
2019-03-23,21013.085,254.202,2.41,3.8
2019-03-24,21013.085,254.202,2.41,3.8
2019-03-25,21013.085,254.202,2.41,3.8
2019-03-26,21013.085,254.202,2.41,3.8
2019-03-27,21013.085,254.202,2.41,3.8
2019-03-28,21013.085,254.202,2.41,3.8
2019-03-29,21013.085,254.202,2.41,3.8
2019-03-30,21013.085,254.202,2.41,3.8
2019-03-31,21013.085,254.202,2.41,3.8
2019-04-01,21272.448,255.548,2.42,3.6
2019-04-02,21272.448,255.548,2.42,3.6
2019-04-03,21272.448,255.548,2.42,3.6
2019-04-04,21272.448,255.548,2.42,3.6
2019-04-05,21272.448,255.548,2.42,3.6
2019-04-06,21272.448,255.548,2.42,3.6
2019-04-07,21272.448,255.548,2.42,3.6
2019-04-08,21272.448,255.548,2.42,3.6
2019-04-09,21272.448,255.548,2.42,3.6
2019-04-10,21272.448,255.548,2.42,3.6
2019-04-11,21272.448,255.548,2.42,3.6
2019-04-12,21272.448,255.548,2.42,3.6
2019-04-13,21272.448,255.548,2.42,3.6
2019-04-14,21272.448,255.548,2.42,3.6
2019-04-15,21272.448,255.548,2.42,3.6
2019-04-16,21272.448,255.548,2.42,3.6
2019-04-17,21272.448,255.548,2.42,3.6
2019-04-18,21272.448,255.548,2.42,3.6
2019-04-19,21272.448,255.548,2.42,3.6
2019-04-20,21272.448,255.548,2.42,3.6
2019-04-21,21272.448,255.548,2.42,3.6
2019-04-22,21272.448,255.548,2.42,3.6
2019-04-23,21272.448,255.548,2.42,3.6
2019-04-24,21272.448,255.548,2.42,3.6
2019-04-25,21272.448,255.548,2.42,3.6
2019-04-26,21272.448,255.548,2.42,3.6
2019-04-27,21272.448,255.548,2.42,3.6
2019-04-28,21272.448,255.548,2.42,3.6
2019-04-29,21272.448,255.548,2.42,3.6
2019-04-30,21272.448,255.548,2.42,3.6
2019-05-01,21272.448,256.092,2.39,3.7
2019-05-02,21272.448,256.092,2.39,3.7
2019-05-03,21272.448,256.092,2.39,3.7
2019-05-04,21272.448,256.092,2.39,3.7
2019-05-05,21272.448,256.092,2.39,3.7
2019-05-06,21272.448,256.092,2.39,3.7
2019-05-07,21272.448,256.092,2.39,3.7
2019-05-08,21272.448,256.092,2.39,3.7
2019-05-09,21272.448,256.092,2.39,3.7
2019-05-10,21272.448,256.092,2.39,3.7
2019-05-11,21272.448,256.092,2.39,3.7
2019-05-12,21272.448,256.092,2.39,3.7
2019-05-13,21272.448,256.092,2.39,3.7
2019-05-14,21272.448,256.092,2.39,3.7
2019-05-15,21272.448,256.092,2.39,3.7
2019-05-16,21272.448,256.092,2.39,3.7
2019-05-17,21272.448,256.092,2.39,3.7
2019-05-18,21272.448,256.092,2.39,3.7
2019-05-19,21272.448,256.092,2.39,3.7
2019-05-20,21272.448,256.092,2.39,3.7
2019-05-21,21272.448,256.092,2.39,3.7
2019-05-22,21272.448,256.092,2.39,3.7
2019-05-23,21272.448,256.092,2.39,3.7
2019-05-24,21272.448,256.092,2.39,3.7
2019-05-25,21272.448,256.092,2.39,3.7
2019-05-26,21272.448,256.092,2.39,3.7
2019-05-27,21272.448,256.092,2.39,3.7
2019-05-28,21272.448,256.092,2.39,3.7
2019-05-29,21272.448,256.092,2.39,3.7
2019-05-30,21272.448,256.092,2.39,3.7
2019-05-31,21272.448,256.092,2.39,3.7
2019-06-01,21272.448,256.143,2.38,3.6
2019-06-02,21272.448,256.143,2.38,3.6
2019-06-03,21272.448,256.143,2.38,3.6
2019-06-04,21272.448,256.143,2.38,3.6
2019-06-05,21272.448,256.143,2.38,3.6
2019-06-06,21272.448,256.143,2.38,3.6
2019-06-07,21272.448,256.143,2.38,3.6
2019-06-08,21272.448,256.143,2.38,3.6
2019-06-09,21272.448,256.143,2.38,3.6
2019-06-10,21272.448,256.143,2.38,3.6
2019-06-11,21272.448,256.143,2.38,3.6
2019-06-12,21272.448,256.143,2.38,3.6
2019-06-13,21272.448,256.143,2.38,3.6
2019-06-14,21272.448,256.143,2.38,3.6
2019-06-15,21272.448,256.143,2.38,3.6
2019-06-16,21272.448,256.143,2.38,3.6
2019-06-17,21272.448,256.143,2.38,3.6
2019-06-18,21272.448,256.143,2.38,3.6
2019-06-19,21272.448,256.143,2.38,3.6
2019-06-20,21272.448,256.143,2.38,3.6
2019-06-21,21272.448,256.143,2.38,3.6
2019-06-22,21272.448,256.143,2.38,3.6
2019-06-23,21272.448,256.143,2.38,3.6
2019-06-24,21272.448,256.143,2.38,3.6
2019-06-25,21272.448,256.143,2.38,3.6
2019-06-26,21272.448,256.143,2.38,3.6
2019-06-27,21272.448,256.143,2.38,3.6
2019-06-28,21272.448,256.143,2.38,3.6
2019-06-29,21272.448,256.143,2.38,3.6
2019-06-30,21272.448,256.143,2.38,3.6
2019-07-01,21531.839,256.571,2.4,3.7
2019-07-02,21531.839,256.571,2.4,3.7
2019-07-03,21531.839,256.571,2.4,3.7
2019-07-04,21531.839,256.571,2.4,3.7
2019-07-05,21531.839,256.571,2.4,3.7
2019-07-06,21531.839,256.571,2.4,3.7
2019-07-07,21531.839,256.571,2.4,3.7
2019-07-08,21531.839,256.571,2.4,3.7
2019-07-09,21531.839,256.571,2.4,3.7
2019-07-10,21531.839,256.571,2.4,3.7
2019-07-11,21531.839,256.571,2.4,3.7
2019-07-12,21531.839,256.571,2.4,3.7
2019-07-13,21531.839,256.571,2.4,3.7
2019-07-14,21531.839,256.571,2.4,3.7
2019-07-15,21531.839,256.571,2.4,3.7
2019-07-16,21531.839,256.571,2.4,3.7
2019-07-17,21531.839,256.571,2.4,3.7
2019-07-18,21531.839,256.571,2.4,3.7
2019-07-19,21531.839,256.571,2.4,3.7
2019-07-20,21531.839,256.571,2.4,3.7
2019-07-21,21531.839,256.571,2.4,3.7
2019-07-22,21531.839,256.571,2.4,3.7
2019-07-23,21531.839,256.571,2.4,3.7
2019-07-24,21531.839,256.571,2.4,3.7
2019-07-25,21531.839,256.571,2.4,3.7
2019-07-26,21531.839,256.571,2.4,3.7
2019-07-27,21531.839,256.571,2.4,3.7
2019-07-28,21531.839,256.571,2.4,3.7
2019-07-29,21531.839,256.571,2.4,3.7
2019-07-30,21531.839,256.571,2.4,3.7
2019-07-31,21531.839,256.571,2.4,3.7
2019-08-01,21531.839,256.558,2.13,3.7
2019-08-02,21531.839,256.558,2.13,3.7
2019-08-03,21531.839,256.558,2.13,3.7
2019-08-04,21531.839,256.558,2.13,3.7
2019-08-05,21531.839,256.558,2.13,3.7
2019-08-06,21531.839,256.558,2.13,3.7
2019-08-07,21531.839,256.558,2.13,3.7
2019-08-08,21531.839,256.558,2.13,3.7
2019-08-09,21531.839,256.558,2.13,3.7
2019-08-10,21531.839,256.558,2.13,3.7
2019-08-11,21531.839,256.558,2.13,3.7
2019-08-12,21531.839,256.558,2.13,3.7
2019-08-13,21531.839,256.558,2.13,3.7
2019-08-14,21531.839,256.558,2.13,3.7
2019-08-15,21531.839,256.558,2.13,3.7
2019-08-16,21531.839,256.558,2.13,3.7
2019-08-17,21531.839,256.558,2.13,3.7
2019-08-18,21531.839,256.558,2.13,3.7
2019-08-19,21531.839,256.558,2.13,3.7
2019-08-20,21531.839,256.558,2.13,3.7
2019-08-21,21531.839,256.558,2.13,3.7
2019-08-22,21531.839,256.558,2.13,3.7
2019-08-23,21531.839,256.558,2.13,3.7
2019-08-24,21531.839,256.558,2.13,3.7
2019-08-25,21531.839,256.558,2.13,3.7
2019-08-26,21531.839,256.558,2.13,3.7
2019-08-27,21531.839,256.558,2.13,3.7
2019-08-28,21531.839,256.558,2.13,3.7
2019-08-29,21531.839,256.558,2.13,3.7
2019-08-30,21531.839,256.558,2.13,3.7
2019-08-31,21531.839,256.558,2.13,3.7
2019-09-01,21531.839,256.759,2.04,3.5
2019-09-02,21531.839,256.759,2.04,3.5
2019-09-03,21531.839,256.759,2.04,3.5
2019-09-04,21531.839,256.759,2.04,3.5
2019-09-05,21531.839,256.759,2.04,3.5
2019-09-06,21531.839,256.759,2.04,3.5
2019-09-07,21531.839,256.759,2.04,3.5
2019-09-08,21531.839,256.759,2.04,3.5
2019-09-09,21531.839,256.759,2.04,3.5
2019-09-10,21531.839,256.759,2.04,3.5
2019-09-11,21531.839,256.759,2.04,3.5
2019-09-12,21531.839,256.759,2.04,3.5
2019-09-13,21531.839,256.759,2.04,3.5
2019-09-14,21531.839,256.759,2.04,3.5
2019-09-15,21531.839,256.759,2.04,3.5
2019-09-16,21531.839,256.759,2.04,3.5
2019-09-17,21531.839,256.759,2.04,3.5
2019-09-18,21531.839,256.759,2.04,3.5
2019-09-19,21531.839,256.759,2.04,3.5
2019-09-20,21531.839,256.759,2.04,3.5
2019-09-21,21531.839,256.759,2.04,3.5
2019-09-22,21531.839,256.759,2.04,3.5
2019-09-23,21531.839,256.759,2.04,3.5
2019-09-24,21531.839,256.759,2.04,3.5
2019-09-25,21531.839,256.759,2.04,3.5
2019-09-26,21531.839,256.759,2.04,3.5
2019-09-27,21531.839,256.759,2.04,3.5
2019-09-28,21531.839,256.759,2.04,3.5
2019-09-29,21531.839,256.759,2.04,3.5
2019-09-30,21531.839,256.759,2.04,3.5
2019-10-01,21706.532,257.346,1.83,3.6
2019-10-02,21706.532,257.346,1.83,3.6
2019-10-03,21706.532,257.346,1.83,3.6
2019-10-04,21706.532,257.346,1.83,3.6
2019-10-05,21706.532,257.346,1.83,3.6
2019-10-06,21706.532,257.346,1.83,3.6
2019-10-07,21706.532,257.346,1.83,3.6
2019-10-08,21706.532,257.346,1.83,3.6
2019-10-09,21706.532,257.346,1.83,3.6
2019-10-10,21706.532,257.346,1.83,3.6
2019-10-11,21706.532,257.346,1.83,3.6
2019-10-12,21706.532,257.346,1.83,3.6
2019-10-13,21706.532,257.346,1.83,3.6
2019-10-14,21706.532,257.346,1.83,3.6
2019-10-15,21706.532,257.346,1.83,3.6
2019-10-16,21706.532,257.346,1.83,3.6
2019-10-17,21706.532,257.346,1.83,3.6
2019-10-18,21706.532,257.346,1.83,3.6
2019-10-19,21706.532,257.346,1.83,3.6
2019-10-20,21706.532,257.346,1.83,3.6
2019-10-21,21706.532,257.346,1.83,3.6
2019-10-22,21706.532,257.346,1.83,3.6
2019-10-23,21706.532,257.346,1.83,3.6
2019-10-24,21706.532,257.346,1.83,3.6
2019-10-25,21706.532,257.346,1.83,3.6
2019-10-26,21706.532,257.346,1.83,3.6
2019-10-27,21706.532,257.346,1.83,3.6
2019-10-28,21706.532,257.346,1.83,3.6
2019-10-29,21706.532,257.346,1.83,3.6
2019-10-30,21706.532,257.346,1.83,3.6
2019-10-31,21706.532,257.346,1.83,3.6
2019-11-01,21706.532,257.208,1.55,3.6
2019-11-02,21706.532,257.208,1.55,3.6
2019-11-03,21706.532,257.208,1.55,3.6
2019-11-04,21706.532,257.208,1.55,3.6
2019-11-05,21706.532,257.208,1.55,3.6
2019-11-06,21706.532,257.208,1.55,3.6
2019-11-07,21706.532,257.208,1.55,3.6
2019-11-08,21706.532,257.208,1.55,3.6
2019-11-09,21706.532,257.208,1.55,3.6
2019-11-10,21706.532,257.208,1.55,3.6
2019-11-11,21706.532,257.208,1.55,3.6
2019-11-12,21706.532,257.208,1.55,3.6
2019-11-13,21706.532,257.208,1.55,3.6
2019-11-14,21706.532,257.208,1.55,3.6
2019-11-15,21706.532,257.208,1.55,3.6
2019-11-16,21706.532,257.208,1.55,3.6
2019-11-17,21706.532,257.208,1.55,3.6
2019-11-18,21706.532,257.208,1.55,3.6
2019-11-19,21706.532,257.208,1.55,3.6
2019-11-20,21706.532,257.208,1.55,3.6
2019-11-21,21706.532,257.208,1.55,3.6
2019-11-22,21706.532,257.208,1.55,3.6
2019-11-23,21706.532,257.208,1.55,3.6
2019-11-24,21706.532,257.208,1.55,3.6
2019-11-25,21706.532,257.208,1.55,3.6
2019-11-26,21706.532,257.208,1.55,3.6
2019-11-27,21706.532,257.208,1.55,3.6
2019-11-28,21706.532,257.208,1.55,3.6
2019-11-29,21706.532,257.208,1.55,3.6
2019-11-30,21706.532,257.208,1.55,3.6
2019-12-01,21706.532,256.974,1.55,3.6
2019-12-02,21706.532,256.974,1.55,3.6
2019-12-03,21706.532,256.974,1.55,3.6
2019-12-04,21706.532,256.974,1.55,3.6
2019-12-05,21706.532,256.974,1.55,3.6
2019-12-06,21706.532,256.974,1.55,3.6
2019-12-07,21706.532,256.974,1.55,3.6
2019-12-08,21706.532,256.974,1.55,3.6
2019-12-09,21706.532,256.974,1.55,3.6
2019-12-10,21706.532,256.974,1.55,3.6
2019-12-11,21706.532,256.974,1.55,3.6
2019-12-12,21706.532,256.974,1.55,3.6
2019-12-13,21706.532,256.974,1.55,3.6
2019-12-14,21706.532,256.974,1.55,3.6
2019-12-15,21706.532,256.974,1.55,3.6
2019-12-16,21706.532,256.974,1.55,3.6
2019-12-17,21706.532,256.974,1.55,3.6
2019-12-18,21706.532,256.974,1.55,3.6
2019-12-19,21706.532,256.974,1.55,3.6
2019-12-20,21706.532,256.974,1.55,3.6
2019-12-21,21706.532,256.974,1.55,3.6
2019-12-22,21706.532,256.974,1.55,3.6
2019-12-23,21706.532,256.974,1.55,3.6
2019-12-24,21706.532,256.974,1.55,3.6
2019-12-25,21706.532,256.974,1.55,3.6
2019-12-26,21706.532,256.974,1.55,3.6
2019-12-27,21706.532,256.974,1.55,3.6
2019-12-28,21706.532,256.974,1.55,3.6
2019-12-29,21706.532,256.974,1.55,3.6
2019-12-30,21706.532,256.974,1.55,3.6
2019-12-31,21706.532,256.974,1.55,3.6
2020-01-01,21538.032,257.971,1.55,3.5
2020-01-02,21538.032,257.971,1.55,3.5
2020-01-03,21538.032,257.971,1.55,3.5
2020-01-04,21538.032,257.971,1.55,3.5
2020-01-05,21538.032,257.971,1.55,3.5
2020-01-06,21538.032,257.971,1.55,3.5
2020-01-07,21538.032,257.971,1.55,3.5
2020-01-08,21538.032,257.971,1.55,3.5
2020-01-09,21538.032,257.971,1.55,3.5
2020-01-10,21538.032,257.971,1.55,3.5
2020-01-11,21538.032,257.971,1.55,3.5
2020-01-12,21538.032,257.971,1.55,3.5
2020-01-13,21538.032,257.971,1.55,3.5
2020-01-14,21538.032,257.971,1.55,3.5
2020-01-15,21538.032,257.971,1.55,3.5
2020-01-16,21538.032,257.971,1.55,3.5
2020-01-17,21538.032,257.971,1.55,3.5
2020-01-18,21538.032,257.971,1.55,3.5
2020-01-19,21538.032,257.971,1.55,3.5
2020-01-20,21538.032,257.971,1.55,3.5
2020-01-21,21538.032,257.971,1.55,3.5
2020-01-22,21538.032,257.971,1.55,3.5
2020-01-23,21538.032,257.971,1.55,3.5
2020-01-24,21538.032,257.971,1.55,3.5
2020-01-25,21538.032,257.971,1.55,3.5
2020-01-26,21538.032,257.971,1.55,3.5
2020-01-27,21538.032,257.971,1.55,3.5
2020-01-28,21538.032,257.971,1.55,3.5
2020-01-29,21538.032,257.971,1.55,3.5
2020-01-30,21538.032,257.971,1.55,3.5
2020-01-31,21538.032,257.971,1.55,3.5
2020-02-01,21538.032,258.678,1.58,3.5
2020-02-02,21538.032,258.678,1.58,3.5
2020-02-03,21538.032,258.678,1.58,3.5
2020-02-04,21538.032,258.678,1.58,3.5
2020-02-05,21538.032,258.678,1.58,3.5
2020-02-06,21538.032,258.678,1.58,3.5
2020-02-07,21538.032,258.678,1.58,3.5
2020-02-08,21538.032,258.678,1.58,3.5
2020-02-09,21538.032,258.678,1.58,3.5
2020-02-10,21538.032,258.678,1.58,3.5
2020-02-11,21538.032,258.678,1.58,3.5
2020-02-12,21538.032,258.678,1.58,3.5
2020-02-13,21538.032,258.678,1.58,3.5
2020-02-14,21538.032,258.678,1.58,3.5
2020-02-15,21538.032,258.678,1.58,3.5
2020-02-16,21538.032,258.678,1.58,3.5
2020-02-17,21538.032,258.678,1.58,3.5
2020-02-18,21538.032,258.678,1.58,3.5
2020-02-19,21538.032,258.678,1.58,3.5
2020-02-20,21538.032,258.678,1.58,3.5
2020-02-21,21538.032,258.678,1.58,3.5
2020-02-22,21538.032,258.678,1.58,3.5
2020-02-23,21538.032,258.678,1.58,3.5
2020-02-24,21538.032,258.678,1.58,3.5
2020-02-25,21538.032,258.678,1.58,3.5
2020-02-26,21538.032,258.678,1.58,3.5
2020-02-27,21538.032,258.678,1.58,3.5
2020-02-28,21538.032,258.678,1.58,3.5
2020-02-29,21538.032,258.678,1.58,3.5
2020-03-01,21538.032,258.115,0.65,4.4
2020-03-02,21538.032,258.115,0.65,4.4
2020-03-03,21538.032,258.115,0.65,4.4
2020-03-04,21538.032,258.115,0.65,4.4
2020-03-05,21538.032,258.115,0.65,4.4
2020-03-06,21538.032,258.115,0.65,4.4
2020-03-07,21538.032,258.115,0.65,4.4
2020-03-08,21538.032,258.115,0.65,4.4
2020-03-09,21538.032,258.115,0.65,4.4
2020-03-10,21538.032,258.115,0.65,4.4
2020-03-11,21538.032,258.115,0.65,4.4
2020-03-12,21538.032,258.115,0.65,4.4
2020-03-13,21538.032,258.115,0.65,4.4
2020-03-14,21538.032,258.115,0.65,4.4
2020-03-15,21538.032,258.115,0.65,4.4
2020-03-16,21538.032,258.115,0.65,4.4
2020-03-17,21538.032,258.115,0.65,4.4
2020-03-18,21538.032,258.115,0.65,4.4
2020-03-19,21538.032,258.115,0.65,4.4
2020-03-20,21538.032,258.115,0.65,4.4
2020-03-21,21538.032,258.115,0.65,4.4
2020-03-22,21538.032,258.115,0.65,4.4
2020-03-23,21538.032,258.115,0.65,4.4
2020-03-24,21538.032,258.115,0.65,4.4
2020-03-25,21538.032,258.115,0.65,4.4
2020-03-26,21538.032,258.115,0.65,4.4
2020-03-27,21538.032,258.115,0.65,4.4
2020-03-28,21538.032,258.115,0.65,4.4
2020-03-29,21538.032,258.115,0.65,4.4
2020-03-30,21538.032,258.115,0.65,4.4
2020-03-31,21538.032,258.115,0.65,4.4
2020-04-01,19636.731,256.389,0.05,14.7
2020-04-02,19636.731,256.389,0.05,14.7
2020-04-03,19636.731,256.389,0.05,14.7
2020-04-04,19636.731,256.389,0.05,14.7
2020-04-05,19636.731,256.389,0.05,14.7
2020-04-06,19636.731,256.389,0.05,14.7
2020-04-07,19636.731,256.389,0.05,14.7
2020-04-08,19636.731,256.389,0.05,14.7
2020-04-09,19636.731,256.389,0.05,14.7
2020-04-10,19636.731,256.389,0.05,14.7
2020-04-11,19636.731,256.389,0.05,14.7
2020-04-12,19636.731,256.389,0.05,14.7
2020-04-13,19636.731,256.389,0.05,14.7
2020-04-14,19636.731,256.389,0.05,14.7
2020-04-15,19636.731,256.389,0.05,14.7
2020-04-16,19636.731,256.389,0.05,14.7
2020-04-17,19636.731,256.389,0.05,14.7
2020-04-18,19636.731,256.389,0.05,14.7
2020-04-19,19636.731,256.389,0.05,14.7
2020-04-20,19636.731,256.389,0.05,14.7
2020-04-21,19636.731,256.389,0.05,14.7
2020-04-22,19636.731,256.389,0.05,14.7
2020-04-23,19636.731,256.389,0.05,14.7
2020-04-24,19636.731,256.389,0.05,14.7
2020-04-25,19636.731,256.389,0.05,14.7
2020-04-26,19636.731,256.389,0.05,14.7
2020-04-27,19636.731,256.389,0.05,14.7
2020-04-28,19636.731,256.389,0.05,14.7
2020-04-29,19636.731,256.389,0.05,14.7
2020-04-30,19636.731,256.389,0.05,14.7
2020-05-01,19636.731,256.394,0.05,13.2
2020-05-02,19636.731,256.394,0.05,13.2
2020-05-03,19636.731,256.394,0.05,13.2
2020-05-04,19636.731,256.394,0.05,13.2
2020-05-05,19636.731,256.394,0.05,13.2
2020-05-06,19636.731,256.394,0.05,13.2
2020-05-07,19636.731,256.394,0.05,13.2
2020-05-08,19636.731,256.394,0.05,13.2
2020-05-09,19636.731,256.394,0.05,13.2
2020-05-10,19636.731,256.394,0.05,13.2
2020-05-11,19636.731,256.394,0.05,13.2
2020-05-12,19636.731,256.394,0.05,13.2
2020-05-13,19636.731,256.394,0.05,13.2
2020-05-14,19636.731,256.394,0.05,13.2
2020-05-15,19636.731,256.394,0.05,13.2
2020-05-16,19636.731,256.394,0.05,13.2
2020-05-17,19636.731,256.394,0.05,13.2
2020-05-18,19636.731,256.394,0.05,13.2
2020-05-19,19636.731,256.394,0.05,13.2
2020-05-20,19636.731,256.394,0.05,13.2
2020-05-21,19636.731,256.394,0.05,13.2
2020-05-22,19636.731,256.394,0.05,13.2
2020-05-23,19636.731,256.394,0.05,13.2
2020-05-24,19636.731,256.394,0.05,13.2
2020-05-25,19636.731,256.394,0.05,13.2
2020-05-26,19636.731,256.394,0.05,13.2
2020-05-27,19636.731,256.394,0.05,13.2
2020-05-28,19636.731,256.394,0.05,13.2
2020-05-29,19636.731,256.394,0.05,13.2
2020-05-30,19636.731,256.394,0.05,13.2
2020-05-31,19636.731,256.394,0.05,13.2
2020-06-01,19636.731,257.797,0.08,11.0
2020-06-02,19636.731,257.797,0.08,11.0
2020-06-03,19636.731,257.797,0.08,11.0
2020-06-04,19636.731,257.797,0.08,11.0
2020-06-05,19636.731,257.797,0.08,11.0
2020-06-06,19636.731,257.797,0.08,11.0
2020-06-07,19636.731,257.797,0.08,11.0
2020-06-08,19636.731,257.797,0.08,11.0
2020-06-09,19636.731,257.797,0.08,11.0
2020-06-10,19636.731,257.797,0.08,11.0
2020-06-11,19636.731,257.797,0.08,11.0
2020-06-12,19636.731,257.797,0.08,11.0
2020-06-13,19636.731,257.797,0.08,11.0
2020-06-14,19636.731,257.797,0.08,11.0
2020-06-15,19636.731,257.797,0.08,11.0
2020-06-16,19636.731,257.797,0.08,11.0
2020-06-17,19636.731,257.797,0.08,11.0
2020-06-18,19636.731,257.797,0.08,11.0
2020-06-19,19636.731,257.797,0.08,11.0
2020-06-20,19636.731,257.797,0.08,11.0
2020-06-21,19636.731,257.797,0.08,11.0
2020-06-22,19636.731,257.797,0.08,11.0
2020-06-23,19636.731,257.797,0.08,11.0
2020-06-24,19636.731,257.797,0.08,11.0
2020-06-25,19636.731,257.797,0.08,11.0
2020-06-26,19636.731,257.797,0.08,11.0
2020-06-27,19636.731,257.797,0.08,11.0
2020-06-28,19636.731,257.797,0.08,11.0
2020-06-29,19636.731,257.797,0.08,11.0
2020-06-30,19636.731,257.797,0.08,11.0
2020-07-01,21362.428,259.101,0.09,10.2
2020-07-02,21362.428,259.101,0.09,10.2
2020-07-03,21362.428,259.101,0.09,10.2
2020-07-04,21362.428,259.101,0.09,10.2
2020-07-05,21362.428,259.101,0.09,10.2
2020-07-06,21362.428,259.101,0.09,10.2
2020-07-07,21362.428,259.101,0.09,10.2
2020-07-08,21362.428,259.101,0.09,10.2
2020-07-09,21362.428,259.101,0.09,10.2
2020-07-10,21362.428,259.101,0.09,10.2
2020-07-11,21362.428,259.101,0.09,10.2
2020-07-12,21362.428,259.101,0.09,10.2
2020-07-13,21362.428,259.101,0.09,10.2
2020-07-14,21362.428,259.101,0.09,10.2
2020-07-15,21362.428,259.101,0.09,10.2
2020-07-16,21362.428,259.101,0.09,10.2
2020-07-17,21362.428,259.101,0.09,10.2
2020-07-18,21362.428,259.101,0.09,10.2
2020-07-19,21362.428,259.101,0.09,10.2
2020-07-20,21362.428,259.101,0.09,10.2
2020-07-21,21362.428,259.101,0.09,10.2
2020-07-22,21362.428,259.101,0.09,10.2
2020-07-23,21362.428,259.101,0.09,10.2
2020-07-24,21362.428,259.101,0.09,10.2
2020-07-25,21362.428,259.101,0.09,10.2
2020-07-26,21362.428,259.101,0.09,10.2
2020-07-27,21362.428,259.101,0.09,10.2
2020-07-28,21362.428,259.101,0.09,10.2
2020-07-29,21362.428,259.101,0.09,10.2
2020-07-30,21362.428,259.101,0.09,10.2
2020-07-31,21362.428,259.101,0.09,10.2
2020-08-01,21362.428,259.918,0.1,8.4
2020-08-02,21362.428,259.918,0.1,8.4
2020-08-03,21362.428,259.918,0.1,8.4
2020-08-04,21362.428,259.918,0.1,8.4
2020-08-05,21362.428,259.918,0.1,8.4
2020-08-06,21362.428,259.918,0.1,8.4
2020-08-07,21362.428,259.918,0.1,8.4
2020-08-08,21362.428,259.918,0.1,8.4
2020-08-09,21362.428,259.918,0.1,8.4
2020-08-10,21362.428,259.918,0.1,8.4
2020-08-11,21362.428,259.918,0.1,8.4
2020-08-12,21362.428,259.918,0.1,8.4
2020-08-13,21362.428,259.918,0.1,8.4
2020-08-14,21362.428,259.918,0.1,8.4
2020-08-15,21362.428,259.918,0.1,8.4
2020-08-16,21362.428,259.918,0.1,8.4
2020-08-17,21362.428,259.918,0.1,8.4
2020-08-18,21362.428,259.918,0.1,8.4
2020-08-19,21362.428,259.918,0.1,8.4
2020-08-20,21362.428,259.918,0.1,8.4
2020-08-21,21362.428,259.918,0.1,8.4
2020-08-22,21362.428,259.918,0.1,8.4
2020-08-23,21362.428,259.918,0.1,8.4
2020-08-24,21362.428,259.918,0.1,8.4
2020-08-25,21362.428,259.918,0.1,8.4
2020-08-26,21362.428,259.918,0.1,8.4
2020-08-27,21362.428,259.918,0.1,8.4
2020-08-28,21362.428,259.918,0.1,8.4
2020-08-29,21362.428,259.918,0.1,8.4
2020-08-30,21362.428,259.918,0.1,8.4
2020-08-31,21362.428,259.918,0.1,8.4
2020-09-01,21362.428,260.28,0.09,7.9
2020-09-02,21362.428,260.28,0.09,7.9
2020-09-03,21362.428,260.28,0.09,7.9
2020-09-04,21362.428,260.28,0.09,7.9
2020-09-05,21362.428,260.28,0.09,7.9
2020-09-06,21362.428,260.28,0.09,7.9
2020-09-07,21362.428,260.28,0.09,7.9
2020-09-08,21362.428,260.28,0.09,7.9
2020-09-09,21362.428,260.28,0.09,7.9
2020-09-10,21362.428,260.28,0.09,7.9
2020-09-11,21362.428,260.28,0.09,7.9
2020-09-12,21362.428,260.28,0.09,7.9
2020-09-13,21362.428,260.28,0.09,7.9
2020-09-14,21362.428,260.28,0.09,7.9
2020-09-15,21362.428,260.28,0.09,7.9
2020-09-16,21362.428,260.28,0.09,7.9
2020-09-17,21362.428,260.28,0.09,7.9
2020-09-18,21362.428,260.28,0.09,7.9
2020-09-19,21362.428,260.28,0.09,7.9
2020-09-20,21362.428,260.28,0.09,7.9
2020-09-21,21362.428,260.28,0.09,7.9
2020-09-22,21362.428,260.28,0.09,7.9
2020-09-23,21362.428,260.28,0.09,7.9
2020-09-24,21362.428,260.28,0.09,7.9
2020-09-25,21362.428,260.28,0.09,7.9
2020-09-26,21362.428,260.28,0.09,7.9
2020-09-27,21362.428,260.28,0.09,7.9
2020-09-28,21362.428,260.28,0.09,7.9
2020-09-29,21362.428,260.28,0.09,7.9
2020-09-30,21362.428,260.28,0.09,7.9
2020-10-01,21704.706,260.388,0.09,6.9
2020-10-02,21704.706,260.388,0.09,6.9
2020-10-03,21704.706,260.388,0.09,6.9
2020-10-04,21704.706,260.388,0.09,6.9
2020-10-05,21704.706,260.388,0.09,6.9
2020-10-06,21704.706,260.388,0.09,6.9
2020-10-07,21704.706,260.388,0.09,6.9
2020-10-08,21704.706,260.388,0.09,6.9
2020-10-09,21704.706,260.388,0.09,6.9
2020-10-10,21704.706,260.388,0.09,6.9
2020-10-11,21704.706,260.388,0.09,6.9
2020-10-12,21704.706,260.388,0.09,6.9
2020-10-13,21704.706,260.388,0.09,6.9
2020-10-14,21704.706,260.388,0.09,6.9
2020-10-15,21704.706,260.388,0.09,6.9
2020-10-16,21704.706,260.388,0.09,6.9
2020-10-17,21704.706,260.388,0.09,6.9
2020-10-18,21704.706,260.388,0.09,6.9
2020-10-19,21704.706,260.388,0.09,6.9
2020-10-20,21704.706,260.388,0.09,6.9
2020-10-21,21704.706,260.388,0.09,6.9
2020-10-22,21704.706,260.388,0.09,6.9
2020-10-23,21704.706,260.388,0.09,6.9
2020-10-24,21704.706,260.388,0.09,6.9
2020-10-25,21704.706,260.388,0.09,6.9
2020-10-26,21704.706,260.388,0.09,6.9
2020-10-27,21704.706,260.388,0.09,6.9
2020-10-28,21704.706,260.388,0.09,6.9
2020-10-29,21704.706,260.388,0.09,6.9
2020-10-30,21704.706,260.388,0.09,6.9
2020-10-31,21704.706,260.388,0.09,6.9
2020-11-01,21704.706,260.229,0.09,6.7
2020-11-02,21704.706,260.229,0.09,6.7
2020-11-03,21704.706,260.229,0.09,6.7
2020-11-04,21704.706,260.229,0.09,6.7
2020-11-05,21704.706,260.229,0.09,6.7
2020-11-06,21704.706,260.229,0.09,6.7
2020-11-07,21704.706,260.229,0.09,6.7
2020-11-08,21704.706,260.229,0.09,6.7
2020-11-09,21704.706,260.229,0.09,6.7
2020-11-10,21704.706,260.229,0.09,6.7
2020-11-11,21704.706,260.229,0.09,6.7
2020-11-12,21704.706,260.229,0.09,6.7
2020-11-13,21704.706,260.229,0.09,6.7
2020-11-14,21704.706,260.229,0.09,6.7
2020-11-15,21704.706,260.229,0.09,6.7
2020-11-16,21704.706,260.229,0.09,6.7
2020-11-17,21704.706,260.229,0.09,6.7
2020-11-18,21704.706,260.229,0.09,6.7
2020-11-19,21704.706,260.229,0.09,6.7
2020-11-20,21704.706,260.229,0.09,6.7
2020-11-21,21704.706,260.229,0.09,6.7
2020-11-22,21704.706,260.229,0.09,6.7
2020-11-23,21704.706,260.229,0.09,6.7
2020-11-24,21704.706,260.229,0.09,6.7
2020-11-25,21704.706,260.229,0.09,6.7
2020-11-26,21704.706,260.229,0.09,6.7
2020-11-27,21704.706,260.229,0.09,6.7
2020-11-28,21704.706,260.229,0.09,6.7
2020-11-29,21704.706,260.229,0.09,6.7
2020-11-30,21704.706,260.229,0.09,6.7
2020-12-01,21704.706,260.474,0.09,6.7
2020-12-02,21704.706,260.474,0.09,6.7
2020-12-03,21704.706,260.474,0.09,6.7
2020-12-04,21704.706,260.474,0.09,6.7
2020-12-05,21704.706,260.474,0.09,6.7
2020-12-06,21704.706,260.474,0.09,6.7
2020-12-07,21704.706,260.474,0.09,6.7
2020-12-08,21704.706,260.474,0.09,6.7
2020-12-09,21704.706,260.474,0.09,6.7
2020-12-10,21704.706,260.474,0.09,6.7
2020-12-11,21704.706,260.474,0.09,6.7
2020-12-12,21704.706,260.474,0.09,6.7
2020-12-13,21704.706,260.474,0.09,6.7
2020-12-14,21704.706,260.474,0.09,6.7
2020-12-15,21704.706,260.474,0.09,6.7
2020-12-16,21704.706,260.474,0.09,6.7
2020-12-17,21704.706,260.474,0.09,6.7
2020-12-18,21704.706,260.474,0.09,6.7
2020-12-19,21704.706,260.474,0.09,6.7
2020-12-20,21704.706,260.474,0.09,6.7
2020-12-21,21704.706,260.474,0.09,6.7
2020-12-22,21704.706,260.474,0.09,6.7
2020-12-23,21704.706,260.474,0.09,6.7
2020-12-24,21704.706,260.474,0.09,6.7
2020-12-25,21704.706,260.474,0.09,6.7
2020-12-26,21704.706,260.474,0.09,6.7
2020-12-27,21704.706,260.474,0.09,6.7
2020-12-28,21704.706,260.474,0.09,6.7
2020-12-29,21704.706,260.474,0.09,6.7
2020-12-30,21704.706,260.474,0.09,6.7
2020-12-31,21704.706,260.474,0.09,6.7
2021-01-01,22313.85,261.582,0.09,6.3
2021-01-02,22313.85,261.582,0.09,6.3
2021-01-03,22313.85,261.582,0.09,6.3
2021-01-04,22313.85,261.582,0.09,6.3
2021-01-05,22313.85,261.582,0.09,6.3
2021-01-06,22313.85,261.582,0.09,6.3
2021-01-07,22313.85,261.582,0.09,6.3
2021-01-08,22313.85,261.582,0.09,6.3
2021-01-09,22313.85,261.582,0.09,6.3
2021-01-10,22313.85,261.582,0.09,6.3
2021-01-11,22313.85,261.582,0.09,6.3
2021-01-12,22313.85,261.582,0.09,6.3
2021-01-13,22313.85,261.582,0.09,6.3
2021-01-14,22313.85,261.582,0.09,6.3
2021-01-15,22313.85,261.582,0.09,6.3
2021-01-16,22313.85,261.582,0.09,6.3
2021-01-17,22313.85,261.582,0.09,6.3
2021-01-18,22313.85,261.582,0.09,6.3
2021-01-19,22313.85,261.582,0.09,6.3
2021-01-20,22313.85,261.582,0.09,6.3
2021-01-21,22313.85,261.582,0.09,6.3
2021-01-22,22313.85,261.582,0.09,6.3
2021-01-23,22313.85,261.582,0.09,6.3
2021-01-24,22313.85,261.582,0.09,6.3
2021-01-25,22313.85,261.582,0.09,6.3
2021-01-26,22313.85,261.582,0.09,6.3
2021-01-27,22313.85,261.582,0.09,6.3
2021-01-28,22313.85,261.582,0.09,6.3
2021-01-29,22313.85,261.582,0.09,6.3
2021-01-30,22313.85,261.582,0.09,6.3
2021-01-31,22313.85,261.582,0.09,6.3
2021-02-01,22313.85,263.014,0.08,6.2
2021-02-02,22313.85,263.014,0.08,6.2
2021-02-03,22313.85,263.014,0.08,6.2
2021-02-04,22313.85,263.014,0.08,6.2
2021-02-05,22313.85,263.014,0.08,6.2
2021-02-06,22313.85,263.014,0.08,6.2
2021-02-07,22313.85,263.014,0.08,6.2
2021-02-08,22313.85,263.014,0.08,6.2
2021-02-09,22313.85,263.014,0.08,6.2
2021-02-10,22313.85,263.014,0.08,6.2
2021-02-11,22313.85,263.014,0.08,6.2
2021-02-12,22313.85,263.014,0.08,6.2
2021-02-13,22313.85,263.014,0.08,6.2
2021-02-14,22313.85,263.014,0.08,6.2
2021-02-15,22313.85,263.014,0.08,6.2
2021-02-16,22313.85,263.014,0.08,6.2
2021-02-17,22313.85,263.014,0.08,6.2
2021-02-18,22313.85,263.014,0.08,6.2
2021-02-19,22313.85,263.014,0.08,6.2
2021-02-20,22313.85,263.014,0.08,6.2
2021-02-21,22313.85,263.014,0.08,6.2
2021-02-22,22313.85,263.014,0.08,6.2
2021-02-23,22313.85,263.014,0.08,6.2
2021-02-24,22313.85,263.014,0.08,6.2
2021-02-25,22313.85,263.014,0.08,6.2
2021-02-26,22313.85,263.014,0.08,6.2
2021-02-27,22313.85,263.014,0.08,6.2
2021-02-28,22313.85,263.014,0.08,6.2
2021-03-01,22313.85,264.877,0.07,6.1
2021-03-02,22313.85,264.877,0.07,6.1
2021-03-03,22313.85,264.877,0.07,6.1
2021-03-04,22313.85,264.877,0.07,6.1
2021-03-05,22313.85,264.877,0.07,6.1
2021-03-06,22313.85,264.877,0.07,6.1
2021-03-07,22313.85,264.877,0.07,6.1
2021-03-08,22313.85,264.877,0.07,6.1
2021-03-09,22313.85,264.877,0.07,6.1
2021-03-10,22313.85,264.877,0.07,6.1
2021-03-11,22313.85,264.877,0.07,6.1
2021-03-12,22313.85,264.877,0.07,6.1
2021-03-13,22313.85,264.877,0.07,6.1
2021-03-14,22313.85,264.877,0.07,6.1
2021-03-15,22313.85,264.877,0.07,6.1
2021-03-16,22313.85,264.877,0.07,6.1
2021-03-17,22313.85,264.877,0.07,6.1
2021-03-18,22313.85,264.877,0.07,6.1
2021-03-19,22313.85,264.877,0.07,6.1
2021-03-20,22313.85,264.877,0.07,6.1
2021-03-21,22313.85,264.877,0.07,6.1
2021-03-22,22313.85,264.877,0.07,6.1
2021-03-23,22313.85,264.877,0.07,6.1
2021-03-24,22313.85,264.877,0.07,6.1
2021-03-25,22313.85,264.877,0.07,6.1
2021-03-26,22313.85,264.877,0.07,6.1
2021-03-27,22313.85,264.877,0.07,6.1
2021-03-28,22313.85,264.877,0.07,6.1
2021-03-29,22313.85,264.877,0.07,6.1
2021-03-30,22313.85,264.877,0.07,6.1
2021-03-31,22313.85,264.877,0.07,6.1
2021-04-01,23046.934,267.054,0.07,6.1
2021-04-02,23046.934,267.054,0.07,6.1
2021-04-03,23046.934,267.054,0.07,6.1
2021-04-04,23046.934,267.054,0.07,6.1
2021-04-05,23046.934,267.054,0.07,6.1
2021-04-06,23046.934,267.054,0.07,6.1
2021-04-07,23046.934,267.054,0.07,6.1
2021-04-08,23046.934,267.054,0.07,6.1
2021-04-09,23046.934,267.054,0.07,6.1
2021-04-10,23046.934,267.054,0.07,6.1
2021-04-11,23046.934,267.054,0.07,6.1
2021-04-12,23046.934,267.054,0.07,6.1
2021-04-13,23046.934,267.054,0.07,6.1
2021-04-14,23046.934,267.054,0.07,6.1
2021-04-15,23046.934,267.054,0.07,6.1
2021-04-16,23046.934,267.054,0.07,6.1
2021-04-17,23046.934,267.054,0.07,6.1
2021-04-18,23046.934,267.054,0.07,6.1
2021-04-19,23046.934,267.054,0.07,6.1
2021-04-20,23046.934,267.054,0.07,6.1
2021-04-21,23046.934,267.054,0.07,6.1
2021-04-22,23046.934,267.054,0.07,6.1
2021-04-23,23046.934,267.054,0.07,6.1
2021-04-24,23046.934,267.054,0.07,6.1
2021-04-25,23046.934,267.054,0.07,6.1
2021-04-26,23046.934,267.054,0.07,6.1
2021-04-27,23046.934,267.054,0.07,6.1
2021-04-28,23046.934,267.054,0.07,6.1
2021-04-29,23046.934,267.054,0.07,6.1
2021-04-30,23046.934,267.054,0.07,6.1
2021-05-01,23046.934,269.195,0.06,5.8
2021-05-02,23046.934,269.195,0.06,5.8
2021-05-03,23046.934,269.195,0.06,5.8
2021-05-04,23046.934,269.195,0.06,5.8
2021-05-05,23046.934,269.195,0.06,5.8
2021-05-06,23046.934,269.195,0.06,5.8
2021-05-07,23046.934,269.195,0.06,5.8
2021-05-08,23046.934,269.195,0.06,5.8
2021-05-09,23046.934,269.195,0.06,5.8
2021-05-10,23046.934,269.195,0.06,5.8
2021-05-11,23046.934,269.195,0.06,5.8
2021-05-12,23046.934,269.195,0.06,5.8
2021-05-13,23046.934,269.195,0.06,5.8
2021-05-14,23046.934,269.195,0.06,5.8
2021-05-15,23046.934,269.195,0.06,5.8
2021-05-16,23046.934,269.195,0.06,5.8
2021-05-17,23046.934,269.195,0.06,5.8
2021-05-18,23046.934,269.195,0.06,5.8
2021-05-19,23046.934,269.195,0.06,5.8
2021-05-20,23046.934,269.195,0.06,5.8
2021-05-21,23046.934,269.195,0.06,5.8
2021-05-22,23046.934,269.195,0.06,5.8
2021-05-23,23046.934,269.195,0.06,5.8
2021-05-24,23046.934,269.195,0.06,5.8
2021-05-25,23046.934,269.195,0.06,5.8
2021-05-26,23046.934,269.195,0.06,5.8
2021-05-27,23046.934,269.195,0.06,5.8
2021-05-28,23046.934,269.195,0.06,5.8
2021-05-29,23046.934,269.195,0.06,5.8
2021-05-30,23046.934,269.195,0.06,5.8
2021-05-31,23046.934,269.195,0.06,5.8
2021-06-01,23046.934,271.696,0.08,5.9
2021-06-02,23046.934,271.696,0.08,5.9
2021-06-03,23046.934,271.696,0.08,5.9
2021-06-04,23046.934,271.696,0.08,5.9
2021-06-05,23046.934,271.696,0.08,5.9
2021-06-06,23046.934,271.696,0.08,5.9
2021-06-07,23046.934,271.696,0.08,5.9
2021-06-08,23046.934,271.696,0.08,5.9
2021-06-09,23046.934,271.696,0.08,5.9
2021-06-10,23046.934,271.696,0.08,5.9
2021-06-11,23046.934,271.696,0.08,5.9
2021-06-12,23046.934,271.696,0.08,5.9
2021-06-13,23046.934,271.696,0.08,5.9
2021-06-14,23046.934,271.696,0.08,5.9
2021-06-15,23046.934,271.696,0.08,5.9
2021-06-16,23046.934,271.696,0.08,5.9
2021-06-17,23046.934,271.696,0.08,5.9
2021-06-18,23046.934,271.696,0.08,5.9
2021-06-19,23046.934,271.696,0.08,5.9
2021-06-20,23046.934,271.696,0.08,5.9
2021-06-21,23046.934,271.696,0.08,5.9
2021-06-22,23046.934,271.696,0.08,5.9
2021-06-23,23046.934,271.696,0.08,5.9
2021-06-24,23046.934,271.696,0.08,5.9
2021-06-25,23046.934,271.696,0.08,5.9
2021-06-26,23046.934,271.696,0.08,5.9
2021-06-27,23046.934,271.696,0.08,5.9
2021-06-28,23046.934,271.696,0.08,5.9
2021-06-29,23046.934,271.696,0.08,5.9
2021-06-30,23046.934,271.696,0.08,5.9
2021-07-01,23550.42,273.003,0.1,5.4
2021-07-02,23550.42,273.003,0.1,5.4
2021-07-03,23550.42,273.003,0.1,5.4
2021-07-04,23550.42,273.003,0.1,5.4
2021-07-05,23550.42,273.003,0.1,5.4
2021-07-06,23550.42,273.003,0.1,5.4
2021-07-07,23550.42,273.003,0.1,5.4
2021-07-08,23550.42,273.003,0.1,5.4
2021-07-09,23550.42,273.003,0.1,5.4
2021-07-10,23550.42,273.003,0.1,5.4
2021-07-11,23550.42,273.003,0.1,5.4
2021-07-12,23550.42,273.003,0.1,5.4
2021-07-13,23550.42,273.003,0.1,5.4
2021-07-14,23550.42,273.003,0.1,5.4
2021-07-15,23550.42,273.003,0.1,5.4
2021-07-16,23550.42,273.003,0.1,5.4
2021-07-17,23550.42,273.003,0.1,5.4
2021-07-18,23550.42,273.003,0.1,5.4
2021-07-19,23550.42,273.003,0.1,5.4
2021-07-20,23550.42,273.003,0.1,5.4
2021-07-21,23550.42,273.003,0.1,5.4
2021-07-22,23550.42,273.003,0.1,5.4
2021-07-23,23550.42,273.003,0.1,5.4
2021-07-24,23550.42,273.003,0.1,5.4
2021-07-25,23550.42,273.003,0.1,5.4
2021-07-26,23550.42,273.003,0.1,5.4
2021-07-27,23550.42,273.003,0.1,5.4
2021-07-28,23550.42,273.003,0.1,5.4
2021-07-29,23550.42,273.003,0.1,5.4
2021-07-30,23550.42,273.003,0.1,5.4
2021-07-31,23550.42,273.003,0.1,5.4
2021-08-01,23550.42,273.567,0.09,5.2
2021-08-02,23550.42,273.567,0.09,5.2
2021-08-03,23550.42,273.567,0.09,5.2
2021-08-04,23550.42,273.567,0.09,5.2
2021-08-05,23550.42,273.567,0.09,5.2
2021-08-06,23550.42,273.567,0.09,5.2
2021-08-07,23550.42,273.567,0.09,5.2
2021-08-08,23550.42,273.567,0.09,5.2
2021-08-09,23550.42,273.567,0.09,5.2
2021-08-10,23550.42,273.567,0.09,5.2
2021-08-11,23550.42,273.567,0.09,5.2
2021-08-12,23550.42,273.567,0.09,5.2
2021-08-13,23550.42,273.567,0.09,5.2
2021-08-14,23550.42,273.567,0.09,5.2
2021-08-15,23550.42,273.567,0.09,5.2
2021-08-16,23550.42,273.567,0.09,5.2
2021-08-17,23550.42,273.567,0.09,5.2
2021-08-18,23550.42,273.567,0.09,5.2
2021-08-19,23550.42,273.567,0.09,5.2
2021-08-20,23550.42,273.567,0.09,5.2
2021-08-21,23550.42,273.567,0.09,5.2
2021-08-22,23550.42,273.567,0.09,5.2
2021-08-23,23550.42,273.567,0.09,5.2
2021-08-24,23550.42,273.567,0.09,5.2
2021-08-25,23550.42,273.567,0.09,5.2
2021-08-26,23550.42,273.567,0.09,5.2
2021-08-27,23550.42,273.567,0.09,5.2
2021-08-28,23550.42,273.567,0.09,5.2
2021-08-29,23550.42,273.567,0.09,5.2
2021-08-30,23550.42,273.567,0.09,5.2
2021-08-31,23550.42,273.567,0.09,5.2
2021-09-01,23550.42,274.31,0.08,4.8
2021-09-02,23550.42,274.31,0.08,4.8
2021-09-03,23550.42,274.31,0.08,4.8
2021-09-04,23550.42,274.31,0.08,4.8
2021-09-05,23550.42,274.31,0.08,4.8
2021-09-06,23550.42,274.31,0.08,4.8
2021-09-07,23550.42,274.31,0.08,4.8
2021-09-08,23550.42,274.31,0.08,4.8
2021-09-09,23550.42,274.31,0.08,4.8
2021-09-10,23550.42,274.31,0.08,4.8
2021-09-11,23550.42,274.31,0.08,4.8
2021-09-12,23550.42,274.31,0.08,4.8
2021-09-13,23550.42,274.31,0.08,4.8
2021-09-14,23550.42,274.31,0.08,4.8
2021-09-15,23550.42,274.31,0.08,4.8
2021-09-16,23550.42,274.31,0.08,4.8
2021-09-17,23550.42,274.31,0.08,4.8
2021-09-18,23550.42,274.31,0.08,4.8
2021-09-19,23550.42,274.31,0.08,4.8
2021-09-20,23550.42,274.31,0.08,4.8
2021-09-21,23550.42,274.31,0.08,4.8
2021-09-22,23550.42,274.31,0.08,4.8
2021-09-23,23550.42,274.31,0.08,4.8
2021-09-24,23550.42,274.31,0.08,4.8
2021-09-25,23550.42,274.31,0.08,4.8
2021-09-26,23550.42,274.31,0.08,4.8
2021-09-27,23550.42,274.31,0.08,4.8
2021-09-28,23550.42,274.31,0.08,4.8
2021-09-29,23550.42,274.31,0.08,4.8
2021-09-30,23550.42,274.31,0.08,4.8
2021-10-01,24349.121,276.589,0.08,4.5
2021-10-02,24349.121,276.589,0.08,4.5
2021-10-03,24349.121,276.589,0.08,4.5
2021-10-04,24349.121,276.589,0.08,4.5
2021-10-05,24349.121,276.589,0.08,4.5
2021-10-06,24349.121,276.589,0.08,4.5
2021-10-07,24349.121,276.589,0.08,4.5
2021-10-08,24349.121,276.589,0.08,4.5
2021-10-09,24349.121,276.589,0.08,4.5
2021-10-10,24349.121,276.589,0.08,4.5
2021-10-11,24349.121,276.589,0.08,4.5
2021-10-12,24349.121,276.589,0.08,4.5
2021-10-13,24349.121,276.589,0.08,4.5
2021-10-14,24349.121,276.589,0.08,4.5
2021-10-15,24349.121,276.589,0.08,4.5
2021-10-16,24349.121,276.589,0.08,4.5
2021-10-17,24349.121,276.589,0.08,4.5
2021-10-18,24349.121,276.589,0.08,4.5
2021-10-19,24349.121,276.589,0.08,4.5
2021-10-20,24349.121,276.589,0.08,4.5
2021-10-21,24349.121,276.589,0.08,4.5
2021-10-22,24349.121,276.589,0.08,4.5
2021-10-23,24349.121,276.589,0.08,4.5
2021-10-24,24349.121,276.589,0.08,4.5
2021-10-25,24349.121,276.589,0.08,4.5
2021-10-26,24349.121,276.589,0.08,4.5
2021-10-27,24349.121,276.589,0.08,4.5
2021-10-28,24349.121,276.589,0.08,4.5
2021-10-29,24349.121,276.589,0.08,4.5
2021-10-30,24349.121,276.589,0.08,4.5
2021-10-31,24349.121,276.589,0.08,4.5
2021-11-01,24349.121,277.948,0.08,4.2
2021-11-02,24349.121,277.948,0.08,4.2
2021-11-03,24349.121,277.948,0.08,4.2
2021-11-04,24349.121,277.948,0.08,4.2
2021-11-05,24349.121,277.948,0.08,4.2
2021-11-06,24349.121,277.948,0.08,4.2
2021-11-07,24349.121,277.948,0.08,4.2
2021-11-08,24349.121,277.948,0.08,4.2
2021-11-09,24349.121,277.948,0.08,4.2
2021-11-10,24349.121,277.948,0.08,4.2
2021-11-11,24349.121,277.948,0.08,4.2
2021-11-12,24349.121,277.948,0.08,4.2
2021-11-13,24349.121,277.948,0.08,4.2
2021-11-14,24349.121,277.948,0.08,4.2
2021-11-15,24349.121,277.948,0.08,4.2
2021-11-16,24349.121,277.948,0.08,4.2
2021-11-17,24349.121,277.948,0.08,4.2
2021-11-18,24349.121,277.948,0.08,4.2
2021-11-19,24349.121,277.948,0.08,4.2
2021-11-20,24349.121,277.948,0.08,4.2
2021-11-21,24349.121,277.948,0.08,4.2
2021-11-22,24349.121,277.948,0.08,4.2
2021-11-23,24349.121,277.948,0.08,4.2
2021-11-24,24349.121,277.948,0.08,4.2
2021-11-25,24349.121,277.948,0.08,4.2
2021-11-26,24349.121,277.948,0.08,4.2
2021-11-27,24349.121,277.948,0.08,4.2
2021-11-28,24349.121,277.948,0.08,4.2
2021-11-29,24349.121,277.948,0.08,4.2
2021-11-30,24349.121,277.948,0.08,4.2
2021-12-01,24349.121,278.802,0.08,3.9
2021-12-02,24349.121,278.802,0.08,3.9
2021-12-03,24349.121,278.802,0.08,3.9
2021-12-04,24349.121,278.802,0.08,3.9
2021-12-05,24349.121,278.802,0.08,3.9
2021-12-06,24349.121,278.802,0.08,3.9
2021-12-07,24349.121,278.802,0.08,3.9
2021-12-08,24349.121,278.802,0.08,3.9
2021-12-09,24349.121,278.802,0.08,3.9
2021-12-10,24349.121,278.802,0.08,3.9
2021-12-11,24349.121,278.802,0.08,3.9
2021-12-12,24349.121,278.802,0.08,3.9
2021-12-13,24349.121,278.802,0.08,3.9
2021-12-14,24349.121,278.802,0.08,3.9
2021-12-15,24349.121,278.802,0.08,3.9
2021-12-16,24349.121,278.802,0.08,3.9
2021-12-17,24349.121,278.802,0.08,3.9
2021-12-18,24349.121,278.802,0.08,3.9
2021-12-19,24349.121,278.802,0.08,3.9
2021-12-20,24349.121,278.802,0.08,3.9
2021-12-21,24349.121,278.802,0.08,3.9
2021-12-22,24349.121,278.802,0.08,3.9
2021-12-23,24349.121,278.802,0.08,3.9
2021-12-24,24349.121,278.802,0.08,3.9
2021-12-25,24349.121,278.802,0.08,3.9
2021-12-26,24349.121,278.802,0.08,3.9
2021-12-27,24349.121,278.802,0.08,3.9
2021-12-28,24349.121,278.802,0.08,3.9
2021-12-29,24349.121,278.802,0.08,3.9
2021-12-30,24349.121,278.802,0.08,3.9
2021-12-31,24349.121,278.802,0.08,3.9
2022-01-01,24740.48,281.148,0.08,4.0
2022-01-02,24740.48,281.148,0.08,4.0
2022-01-03,24740.48,281.148,0.08,4.0
2022-01-04,24740.48,281.148,0.08,4.0
2022-01-05,24740.48,281.148,0.08,4.0
2022-01-06,24740.48,281.148,0.08,4.0
2022-01-07,24740.48,281.148,0.08,4.0
2022-01-08,24740.48,281.148,0.08,4.0
2022-01-09,24740.48,281.148,0.08,4.0
2022-01-10,24740.48,281.148,0.08,4.0
2022-01-11,24740.48,281.148,0.08,4.0
2022-01-12,24740.48,281.148,0.08,4.0
2022-01-13,24740.48,281.148,0.08,4.0
2022-01-14,24740.48,281.148,0.08,4.0
2022-01-15,24740.48,281.148,0.08,4.0
2022-01-16,24740.48,281.148,0.08,4.0
2022-01-17,24740.48,281.148,0.08,4.0
2022-01-18,24740.48,281.148,0.08,4.0
2022-01-19,24740.48,281.148,0.08,4.0
2022-01-20,24740.48,281.148,0.08,4.0
2022-01-21,24740.48,281.148,0.08,4.0
2022-01-22,24740.48,281.148,0.08,4.0
2022-01-23,24740.48,281.148,0.08,4.0
2022-01-24,24740.48,281.148,0.08,4.0
2022-01-25,24740.48,281.148,0.08,4.0
2022-01-26,24740.48,281.148,0.08,4.0
2022-01-27,24740.48,281.148,0.08,4.0
2022-01-28,24740.48,281.148,0.08,4.0
2022-01-29,24740.48,281.148,0.08,4.0
2022-01-30,24740.48,281.148,0.08,4.0
2022-01-31,24740.48,281.148,0.08,4.0
2022-02-01,24740.48,283.716,0.08,3.8
2022-02-02,24740.48,283.716,0.08,3.8
2022-02-03,24740.48,283.716,0.08,3.8
2022-02-04,24740.48,283.716,0.08,3.8
2022-02-05,24740.48,283.716,0.08,3.8
2022-02-06,24740.48,283.716,0.08,3.8
2022-02-07,24740.48,283.716,0.08,3.8
2022-02-08,24740.48,283.716,0.08,3.8
2022-02-09,24740.48,283.716,0.08,3.8
2022-02-10,24740.48,283.716,0.08,3.8
2022-02-11,24740.48,283.716,0.08,3.8
2022-02-12,24740.48,283.716,0.08,3.8
2022-02-13,24740.48,283.716,0.08,3.8
2022-02-14,24740.48,283.716,0.08,3.8
2022-02-15,24740.48,283.716,0.08,3.8
2022-02-16,24740.48,283.716,0.08,3.8
2022-02-17,24740.48,283.716,0.08,3.8
2022-02-18,24740.48,283.716,0.08,3.8
2022-02-19,24740.48,283.716,0.08,3.8
2022-02-20,24740.48,283.716,0.08,3.8
2022-02-21,24740.48,283.716,0.08,3.8
2022-02-22,24740.48,283.716,0.08,3.8
2022-02-23,24740.48,283.716,0.08,3.8
2022-02-24,24740.48,283.716,0.08,3.8
2022-02-25,24740.48,283.716,0.08,3.8
2022-02-26,24740.48,283.716,0.08,3.8
2022-02-27,24740.48,283.716,0.08,3.8
2022-02-28,24740.48,283.716,0.08,3.8
2022-03-01,24740.48,287.504,0.2,3.6
2022-03-02,24740.48,287.504,0.2,3.6
2022-03-03,24740.48,287.504,0.2,3.6
2022-03-04,24740.48,287.504,0.2,3.6
2022-03-05,24740.48,287.504,0.2,3.6
2022-03-06,24740.48,287.504,0.2,3.6
2022-03-07,24740.48,287.504,0.2,3.6
2022-03-08,24740.48,287.504,0.2,3.6
2022-03-09,24740.48,287.504,0.2,3.6
2022-03-10,24740.48,287.504,0.2,3.6
2022-03-11,24740.48,287.504,0.2,3.6
2022-03-12,24740.48,287.504,0.2,3.6
2022-03-13,24740.48,287.504,0.2,3.6
2022-03-14,24740.48,287.504,0.2,3.6
2022-03-15,24740.48,287.504,0.2,3.6
2022-03-16,24740.48,287.504,0.2,3.6
2022-03-17,24740.48,287.504,0.2,3.6
2022-03-18,24740.48,287.504,0.2,3.6
2022-03-19,24740.48,287.504,0.2,3.6
2022-03-20,24740.48,287.504,0.2,3.6
2022-03-21,24740.48,287.504,0.2,3.6
2022-03-22,24740.48,287.504,0.2,3.6
2022-03-23,24740.48,287.504,0.2,3.6
2022-03-24,24740.48,287.504,0.2,3.6
2022-03-25,24740.48,287.504,0.2,3.6
2022-03-26,24740.48,287.504,0.2,3.6
2022-03-27,24740.48,287.504,0.2,3.6
2022-03-28,24740.48,287.504,0.2,3.6
2022-03-29,24740.48,287.504,0.2,3.6
2022-03-30,24740.48,287.504,0.2,3.6
2022-03-31,24740.48,287.504,0.2,3.6
2022-04-01,25248.476,289.109,0.33,3.6
2022-04-02,25248.476,289.109,0.33,3.6
2022-04-03,25248.476,289.109,0.33,3.6
2022-04-04,25248.476,289.109,0.33,3.6
2022-04-05,25248.476,289.109,0.33,3.6
2022-04-06,25248.476,289.109,0.33,3.6
2022-04-07,25248.476,289.109,0.33,3.6
2022-04-08,25248.476,289.109,0.33,3.6
2022-04-09,25248.476,289.109,0.33,3.6
2022-04-10,25248.476,289.109,0.33,3.6
2022-04-11,25248.476,289.109,0.33,3.6
2022-04-12,25248.476,289.109,0.33,3.6
2022-04-13,25248.476,289.109,0.33,3.6
2022-04-14,25248.476,289.109,0.33,3.6
2022-04-15,25248.476,289.109,0.33,3.6
2022-04-16,25248.476,289.109,0.33,3.6
2022-04-17,25248.476,289.109,0.33,3.6
2022-04-18,25248.476,289.109,0.33,3.6
2022-04-19,25248.476,289.109,0.33,3.6
2022-04-20,25248.476,289.109,0.33,3.6
2022-04-21,25248.476,289.109,0.33,3.6
2022-04-22,25248.476,289.109,0.33,3.6
2022-04-23,25248.476,289.109,0.33,3.6
2022-04-24,25248.476,289.109,0.33,3.6
2022-04-25,25248.476,289.109,0.33,3.6
2022-04-26,25248.476,289.109,0.33,3.6
2022-04-27,25248.476,289.109,0.33,3.6
2022-04-28,25248.476,289.109,0.33,3.6
2022-04-29,25248.476,289.109,0.33,3.6
2022-04-30,25248.476,289.109,0.33,3.6
2022-05-01,25248.476,292.296,0.77,3.6
2022-05-02,25248.476,292.296,0.77,3.6
2022-05-03,25248.476,292.296,0.77,3.6
2022-05-04,25248.476,292.296,0.77,3.6
2022-05-05,25248.476,292.296,0.77,3.6
2022-05-06,25248.476,292.296,0.77,3.6
2022-05-07,25248.476,292.296,0.77,3.6
2022-05-08,25248.476,292.296,0.77,3.6
2022-05-09,25248.476,292.296,0.77,3.6
2022-05-10,25248.476,292.296,0.77,3.6
2022-05-11,25248.476,292.296,0.77,3.6
2022-05-12,25248.476,292.296,0.77,3.6
2022-05-13,25248.476,292.296,0.77,3.6
2022-05-14,25248.476,292.296,0.77,3.6
2022-05-15,25248.476,292.296,0.77,3.6
2022-05-16,25248.476,292.296,0.77,3.6
2022-05-17,25248.476,292.296,0.77,3.6
2022-05-18,25248.476,292.296,0.77,3.6
2022-05-19,25248.476,292.296,0.77,3.6
2022-05-20,25248.476,292.296,0.77,3.6
2022-05-21,25248.476,292.296,0.77,3.6
2022-05-22,25248.476,292.296,0.77,3.6
2022-05-23,25248.476,292.296,0.77,3.6
2022-05-24,25248.476,292.296,0.77,3.6
2022-05-25,25248.476,292.296,0.77,3.6
2022-05-26,25248.476,292.296,0.77,3.6
2022-05-27,25248.476,292.296,0.77,3.6
2022-05-28,25248.476,292.296,0.77,3.6
2022-05-29,25248.476,292.296,0.77,3.6
2022-05-30,25248.476,292.296,0.77,3.6
2022-05-31,25248.476,292.296,0.77,3.6
2022-06-01,25248.476,296.311,1.21,3.6
2022-06-02,25248.476,296.311,1.21,3.6
2022-06-03,25248.476,296.311,1.21,3.6
2022-06-04,25248.476,296.311,1.21,3.6
2022-06-05,25248.476,296.311,1.21,3.6
2022-06-06,25248.476,296.311,1.21,3.6
2022-06-07,25248.476,296.311,1.21,3.6
2022-06-08,25248.476,296.311,1.21,3.6
2022-06-09,25248.476,296.311,1.21,3.6
2022-06-10,25248.476,296.311,1.21,3.6
2022-06-11,25248.476,296.311,1.21,3.6
2022-06-12,25248.476,296.311,1.21,3.6
2022-06-13,25248.476,296.311,1.21,3.6
2022-06-14,25248.476,296.311,1.21,3.6
2022-06-15,25248.476,296.311,1.21,3.6
2022-06-16,25248.476,296.311,1.21,3.6
2022-06-17,25248.476,296.311,1.21,3.6
2022-06-18,25248.476,296.311,1.21,3.6
2022-06-19,25248.476,296.311,1.21,3.6
2022-06-20,25248.476,296.311,1.21,3.6
2022-06-21,25248.476,296.311,1.21,3.6
2022-06-22,25248.476,296.311,1.21,3.6
2022-06-23,25248.476,296.311,1.21,3.6
2022-06-24,25248.476,296.311,1.21,3.6
2022-06-25,25248.476,296.311,1.21,3.6
2022-06-26,25248.476,296.311,1.21,3.6
2022-06-27,25248.476,296.311,1.21,3.6
2022-06-28,25248.476,296.311,1.21,3.6
2022-06-29,25248.476,296.311,1.21,3.6
2022-06-30,25248.476,296.311,1.21,3.6
2022-07-01,25723.941,296.276,1.68,3.5
2022-07-02,25723.941,296.276,1.68,3.5
2022-07-03,25723.941,296.276,1.68,3.5
2022-07-04,25723.941,296.276,1.68,3.5
2022-07-05,25723.941,296.276,1.68,3.5
2022-07-06,25723.941,296.276,1.68,3.5
2022-07-07,25723.941,296.276,1.68,3.5
2022-07-08,25723.941,296.276,1.68,3.5
2022-07-09,25723.941,296.276,1.68,3.5
2022-07-10,25723.941,296.276,1.68,3.5
2022-07-11,25723.941,296.276,1.68,3.5
2022-07-12,25723.941,296.276,1.68,3.5
2022-07-13,25723.941,296.276,1.68,3.5
2022-07-14,25723.941,296.276,1.68,3.5
2022-07-15,25723.941,296.276,1.68,3.5
2022-07-16,25723.941,296.276,1.68,3.5
2022-07-17,25723.941,296.276,1.68,3.5
2022-07-18,25723.941,296.276,1.68,3.5
2022-07-19,25723.941,296.276,1.68,3.5
2022-07-20,25723.941,296.276,1.68,3.5
2022-07-21,25723.941,296.276,1.68,3.5
2022-07-22,25723.941,296.276,1.68,3.5
2022-07-23,25723.941,296.276,1.68,3.5
2022-07-24,25723.941,296.276,1.68,3.5
2022-07-25,25723.941,296.276,1.68,3.5
2022-07-26,25723.941,296.276,1.68,3.5
2022-07-27,25723.941,296.276,1.68,3.5
2022-07-28,25723.941,296.276,1.68,3.5
2022-07-29,25723.941,296.276,1.68,3.5
2022-07-30,25723.941,296.276,1.68,3.5
2022-07-31,25723.941,296.276,1.68,3.5
2022-08-01,25723.941,296.171,2.33,3.7
2022-08-02,25723.941,296.171,2.33,3.7
2022-08-03,25723.941,296.171,2.33,3.7
2022-08-04,25723.941,296.171,2.33,3.7
2022-08-05,25723.941,296.171,2.33,3.7
2022-08-06,25723.941,296.171,2.33,3.7
2022-08-07,25723.941,296.171,2.33,3.7
2022-08-08,25723.941,296.171,2.33,3.7
2022-08-09,25723.941,296.171,2.33,3.7
2022-08-10,25723.941,296.171,2.33,3.7
2022-08-11,25723.941,296.171,2.33,3.7
2022-08-12,25723.941,296.171,2.33,3.7
2022-08-13,25723.941,296.171,2.33,3.7
2022-08-14,25723.941,296.171,2.33,3.7
2022-08-15,25723.941,296.171,2.33,3.7
2022-08-16,25723.941,296.171,2.33,3.7
2022-08-17,25723.941,296.171,2.33,3.7
2022-08-18,25723.941,296.171,2.33,3.7
2022-08-19,25723.941,296.171,2.33,3.7
2022-08-20,25723.941,296.171,2.33,3.7
2022-08-21,25723.941,296.171,2.33,3.7
2022-08-22,25723.941,296.171,2.33,3.7
2022-08-23,25723.941,296.171,2.33,3.7
2022-08-24,25723.941,296.171,2.33,3.7
2022-08-25,25723.941,296.171,2.33,3.7
2022-08-26,25723.941,296.171,2.33,3.7
2022-08-27,25723.941,296.171,2.33,3.7
2022-08-28,25723.941,296.171,2.33,3.7
2022-08-29,25723.941,296.171,2.33,3.7
2022-08-30,25723.941,296.171,2.33,3.7
2022-08-31,25723.941,296.171,2.33,3.7
2022-09-01,25723.941,296.808,2.56,3.5
2022-09-02,25723.941,296.808,2.56,3.5
2022-09-03,25723.941,296.808,2.56,3.5
2022-09-04,25723.941,296.808,2.56,3.5
2022-09-05,25723.941,296.808,2.56,3.5
2022-09-06,25723.941,296.808,2.56,3.5
2022-09-07,25723.941,296.808,2.56,3.5
2022-09-08,25723.941,296.808,2.56,3.5
2022-09-09,25723.941,296.808,2.56,3.5
2022-09-10,25723.941,296.808,2.56,3.5
2022-09-11,25723.941,296.808,2.56,3.5
2022-09-12,25723.941,296.808,2.56,3.5
2022-09-13,25723.941,296.808,2.56,3.5
2022-09-14,25723.941,296.808,2.56,3.5
2022-09-15,25723.941,296.808,2.56,3.5
2022-09-16,25723.941,296.808,2.56,3.5
2022-09-17,25723.941,296.808,2.56,3.5
2022-09-18,25723.941,296.808,2.56,3.5
2022-09-19,25723.941,296.808,2.56,3.5
2022-09-20,25723.941,296.808,2.56,3.5
2022-09-21,25723.941,296.808,2.56,3.5
2022-09-22,25723.941,296.808,2.56,3.5
2022-09-23,25723.941,296.808,2.56,3.5
2022-09-24,25723.941,296.808,2.56,3.5
2022-09-25,25723.941,296.808,2.56,3.5
2022-09-26,25723.941,296.808,2.56,3.5
2022-09-27,25723.941,296.808,2.56,3.5
2022-09-28,25723.941,296.808,2.56,3.5
2022-09-29,25723.941,296.808,2.56,3.5
2022-09-30,25723.941,296.808,2.56,3.5
2022-10-01,26137.992,298.012,3.08,3.7
2022-10-02,26137.992,298.012,3.08,3.7
2022-10-03,26137.992,298.012,3.08,3.7
2022-10-04,26137.992,298.012,3.08,3.7
2022-10-05,26137.992,298.012,3.08,3.7
2022-10-06,26137.992,298.012,3.08,3.7
2022-10-07,26137.992,298.012,3.08,3.7
2022-10-08,26137.992,298.012,3.08,3.7
2022-10-09,26137.992,298.012,3.08,3.7
2022-10-10,26137.992,298.012,3.08,3.7
2022-10-11,26137.992,298.012,3.08,3.7
2022-10-12,26137.992,298.012,3.08,3.7
2022-10-13,26137.992,298.012,3.08,3.7
2022-10-14,26137.992,298.012,3.08,3.7
2022-10-15,26137.992,298.012,3.08,3.7
2022-10-16,26137.992,298.012,3.08,3.7
2022-10-17,26137.992,298.012,3.08,3.7
2022-10-18,26137.992,298.012,3.08,3.7
2022-10-19,26137.992,298.012,3.08,3.7
2022-10-20,26137.992,298.012,3.08,3.7
2022-10-21,26137.992,298.012,3.08,3.7
2022-10-22,26137.992,298.012,3.08,3.7
2022-10-23,26137.992,298.012,3.08,3.7
2022-10-24,26137.992,298.012,3.08,3.7
2022-10-25,26137.992,298.012,3.08,3.7
2022-10-26,26137.992,298.012,3.08,3.7
2022-10-27,26137.992,298.012,3.08,3.7
2022-10-28,26137.992,298.012,3.08,3.7
2022-10-29,26137.992,298.012,3.08,3.7
2022-10-30,26137.992,298.012,3.08,3.7
2022-10-31,26137.992,298.012,3.08,3.7
2022-11-01,26137.992,297.711,3.78,3.6
2022-11-02,26137.992,297.711,3.78,3.6
2022-11-03,26137.992,297.711,3.78,3.6
2022-11-04,26137.992,297.711,3.78,3.6
2022-11-05,26137.992,297.711,3.78,3.6
2022-11-06,26137.992,297.711,3.78,3.6
2022-11-07,26137.992,297.711,3.78,3.6
2022-11-08,26137.992,297.711,3.78,3.6
2022-11-09,26137.992,297.711,3.78,3.6
2022-11-10,26137.992,297.711,3.78,3.6
2022-11-11,26137.992,297.711,3.78,3.6
2022-11-12,26137.992,297.711,3.78,3.6
2022-11-13,26137.992,297.711,3.78,3.6
2022-11-14,26137.992,297.711,3.78,3.6
2022-11-15,26137.992,297.711,3.78,3.6
2022-11-16,26137.992,297.711,3.78,3.6
2022-11-17,26137.992,297.711,3.78,3.6
2022-11-18,26137.992,297.711,3.78,3.6
2022-11-19,26137.992,297.711,3.78,3.6
2022-11-20,26137.992,297.711,3.78,3.6
2022-11-21,26137.992,297.711,3.78,3.6
2022-11-22,26137.992,297.711,3.78,3.6
2022-11-23,26137.992,297.711,3.78,3.6
2022-11-24,26137.992,297.711,3.78,3.6
2022-11-25,26137.992,297.711,3.78,3.6
2022-11-26,26137.992,297.711,3.78,3.6
2022-11-27,26137.992,297.711,3.78,3.6
2022-11-28,26137.992,297.711,3.78,3.6
2022-11-29,26137.992,297.711,3.78,3.6
2022-11-30,26137.992,297.711,3.78,3.6
2022-12-01,26137.992,296.797,4.1,3.5
2022-12-02,26137.992,296.797,4.1,3.5
2022-12-03,26137.992,296.797,4.1,3.5
2022-12-04,26137.992,296.797,4.1,3.5
2022-12-05,26137.992,296.797,4.1,3.5
2022-12-06,26137.992,296.797,4.1,3.5
2022-12-07,26137.992,296.797,4.1,3.5
2022-12-08,26137.992,296.797,4.1,3.5
2022-12-09,26137.992,296.797,4.1,3.5
2022-12-10,26137.992,296.797,4.1,3.5
2022-12-11,26137.992,296.797,4.1,3.5
2022-12-12,26137.992,296.797,4.1,3.5
2022-12-13,26137.992,296.797,4.1,3.5
2022-12-14,26137.992,296.797,4.1,3.5
2022-12-15,26137.992,296.797,4.1,3.5
2022-12-16,26137.992,296.797,4.1,3.5
2022-12-17,26137.992,296.797,4.1,3.5
2022-12-18,26137.992,296.797,4.1,3.5
2022-12-19,26137.992,296.797,4.1,3.5
2022-12-20,26137.992,296.797,4.1,3.5
2022-12-21,26137.992,296.797,4.1,3.5
2022-12-22,26137.992,296.797,4.1,3.5
2022-12-23,26137.992,296.797,4.1,3.5
2022-12-24,26137.992,296.797,4.1,3.5
2022-12-25,26137.992,296.797,4.1,3.5
2022-12-26,26137.992,296.797,4.1,3.5
2022-12-27,26137.992,296.797,4.1,3.5
2022-12-28,26137.992,296.797,4.1,3.5
2022-12-29,26137.992,296.797,4.1,3.5
2022-12-30,26137.992,296.797,4.1,3.5
2022-12-31,26137.992,296.797,4.1,3.5
2023-01-01,26529.774,299.17,4.33,3.4
2023-01-02,26529.774,299.17,4.33,3.4
2023-01-03,26529.774,299.17,4.33,3.4
2023-01-04,26529.774,299.17,4.33,3.4
2023-01-05,26529.774,299.17,4.33,3.4
2023-01-06,26529.774,299.17,4.33,3.4
2023-01-07,26529.774,299.17,4.33,3.4
2023-01-08,26529.774,299.17,4.33,3.4
2023-01-09,26529.774,299.17,4.33,3.4
2023-01-10,26529.774,299.17,4.33,3.4
2023-01-11,26529.774,299.17,4.33,3.4
2023-01-12,26529.774,299.17,4.33,3.4
2023-01-13,26529.774,299.17,4.33,3.4
2023-01-14,26529.774,299.17,4.33,3.4
2023-01-15,26529.774,299.17,4.33,3.4
2023-01-16,26529.774,299.17,4.33,3.4
2023-01-17,26529.774,299.17,4.33,3.4
2023-01-18,26529.774,299.17,4.33,3.4
2023-01-19,26529.774,299.17,4.33,3.4
2023-01-20,26529.774,299.17,4.33,3.4
2023-01-21,26529.774,299.17,4.33,3.4
2023-01-22,26529.774,299.17,4.33,3.4
2023-01-23,26529.774,299.17,4.33,3.4
2023-01-24,26529.774,299.17,4.33,3.4
2023-01-25,26529.774,299.17,4.33,3.4
2023-01-26,26529.774,299.17,4.33,3.4
2023-01-27,26529.774,299.17,4.33,3.4
2023-01-28,26529.774,299.17,4.33,3.4
2023-01-29,26529.774,299.17,4.33,3.4
2023-01-30,26529.774,299.17,4.33,3.4
2023-01-31,26529.774,299.17,4.33,3.4
2023-02-01,26529.774,300.84,4.57,3.6
2023-02-02,26529.774,300.84,4.57,3.6
2023-02-03,26529.774,300.84,4.57,3.6
2023-02-04,26529.774,300.84,4.57,3.6
2023-02-05,26529.774,300.84,4.57,3.6
2023-02-06,26529.774,300.84,4.57,3.6
2023-02-07,26529.774,300.84,4.57,3.6
2023-02-08,26529.774,300.84,4.57,3.6
2023-02-09,26529.774,300.84,4.57,3.6
2023-02-10,26529.774,300.84,4.57,3.6
2023-02-11,26529.774,300.84,4.57,3.6
2023-02-12,26529.774,300.84,4.57,3.6
2023-02-13,26529.774,300.84,4.57,3.6
2023-02-14,26529.774,300.84,4.57,3.6
2023-02-15,26529.774,300.84,4.57,3.6
2023-02-16,26529.774,300.84,4.57,3.6
2023-02-17,26529.774,300.84,4.57,3.6
2023-02-18,26529.774,300.84,4.57,3.6
2023-02-19,26529.774,300.84,4.57,3.6
2023-02-20,26529.774,300.84,4.57,3.6
2023-02-21,26529.774,300.84,4.57,3.6
2023-02-22,26529.774,300.84,4.57,3.6
2023-02-23,26529.774,300.84,4.57,3.6
2023-02-24,26529.774,300.84,4.57,3.6
2023-02-25,26529.774,300.84,4.57,3.6
2023-02-26,26529.774,300.84,4.57,3.6
2023-02-27,26529.774,300.84,4.57,3.6
2023-02-28,26529.774,300.84,4.57,3.6
2023-03-01,26529.774,301.836,4.65,3.5
2023-03-02,26529.774,301.836,4.65,3.5
2023-03-03,26529.774,301.836,4.65,3.5
2023-03-04,26529.774,301.836,4.65,3.5
2023-03-05,26529.774,301.836,4.65,3.5
2023-03-06,26529.774,301.836,4.65,3.5
2023-03-07,26529.774,301.836,4.65,3.5
2023-03-08,26529.774,301.836,4.65,3.5
2023-03-09,26529.774,301.836,4.65,3.5
2023-03-10,26529.774,301.836,4.65,3.5
2023-03-11,26529.774,301.836,4.65,3.5
2023-03-12,26529.774,301.836,4.65,3.5
2023-03-13,26529.774,301.836,4.65,3.5
2023-03-14,26529.774,301.836,4.65,3.5
2023-03-15,26529.774,301.836,4.65,3.5
2023-03-16,26529.774,301.836,4.65,3.5
2023-03-17,26529.774,301.836,4.65,3.5
2023-03-18,26529.774,301.836,4.65,3.5
2023-03-19,26529.774,301.836,4.65,3.5
2023-03-20,26529.774,301.836,4.65,3.5
2023-03-21,26529.774,301.836,4.65,3.5
2023-03-22,26529.774,301.836,4.65,3.5
2023-03-23,26529.774,301.836,4.65,3.5
2023-03-24,26529.774,301.836,4.65,3.5
2023-03-25,26529.774,301.836,4.65,3.5
2023-03-26,26529.774,301.836,4.65,3.5
2023-03-27,26529.774,301.836,4.65,3.5
2023-03-28,26529.774,301.836,4.65,3.5
2023-03-29,26529.774,301.836,4.65,3.5
2023-03-30,26529.774,301.836,4.65,3.5
2023-03-31,26529.774,301.836,4.65,3.5
2023-04-01,26834.953,303.363,4.83,3.4
2023-04-02,26834.953,303.363,4.83,3.4
2023-04-03,26834.953,303.363,4.83,3.4
2023-04-04,26834.953,303.363,4.83,3.4
2023-04-05,26834.953,303.363,4.83,3.4
2023-04-06,26834.953,303.363,4.83,3.4
2023-04-07,26834.953,303.363,4.83,3.4
2023-04-08,26834.953,303.363,4.83,3.4
2023-04-09,26834.953,303.363,4.83,3.4
2023-04-10,26834.953,303.363,4.83,3.4
2023-04-11,26834.953,303.363,4.83,3.4
2023-04-12,26834.953,303.363,4.83,3.4
2023-04-13,26834.953,303.363,4.83,3.4
2023-04-14,26834.953,303.363,4.83,3.4
2023-04-15,26834.953,303.363,4.83,3.4
2023-04-16,26834.953,303.363,4.83,3.4
2023-04-17,26834.953,303.363,4.83,3.4
2023-04-18,26834.953,303.363,4.83,3.4
2023-04-19,26834.953,303.363,4.83,3.4
2023-04-20,26834.953,303.363,4.83,3.4
2023-04-21,26834.953,303.363,4.83,3.4
2023-04-22,26834.953,303.363,4.83,3.4
2023-04-23,26834.953,303.363,4.83,3.4
2023-04-24,26834.953,303.363,4.83,3.4
2023-04-25,26834.953,303.363,4.83,3.4
2023-04-26,26834.953,303.363,4.83,3.4
2023-04-27,26834.953,303.363,4.83,3.4
2023-04-28,26834.953,303.363,4.83,3.4
2023-04-29,26834.953,303.363,4.83,3.4
2023-04-30,26834.953,303.363,4.83,3.4
2023-05-01,26834.953,304.127,5.06,3.7
2023-05-02,26834.953,304.127,5.06,3.7
2023-05-03,26834.953,304.127,5.06,3.7
2023-05-04,26834.953,304.127,5.06,3.7
2023-05-05,26834.953,304.127,5.06,3.7
2023-05-06,26834.953,304.127,5.06,3.7
2023-05-07,26834.953,304.127,5.06,3.7
2023-05-08,26834.953,304.127,5.06,3.7
2023-05-09,26834.953,304.127,5.06,3.7
2023-05-10,26834.953,304.127,5.06,3.7
2023-05-11,26834.953,304.127,5.06,3.7
2023-05-12,26834.953,304.127,5.06,3.7
2023-05-13,26834.953,304.127,5.06,3.7
2023-05-14,26834.953,304.127,5.06,3.7
2023-05-15,26834.953,304.127,5.06,3.7
2023-05-16,26834.953,304.127,5.06,3.7
2023-05-17,26834.953,304.127,5.06,3.7
2023-05-18,26834.953,304.127,5.06,3.7
2023-05-19,26834.953,304.127,5.06,3.7
2023-05-20,26834.953,304.127,5.06,3.7
2023-05-21,26834.953,304.127,5.06,3.7
2023-05-22,26834.953,304.127,5.06,3.7
2023-05-23,26834.953,304.127,5.06,3.7
2023-05-24,26834.953,304.127,5.06,3.7
2023-05-25,26834.953,304.127,5.06,3.7
2023-05-26,26834.953,304.127,5.06,3.7
2023-05-27,26834.953,304.127,5.06,3.7
2023-05-28,26834.953,304.127,5.06,3.7
2023-05-29,26834.953,304.127,5.06,3.7
2023-05-30,26834.953,304.127,5.06,3.7
2023-05-31,26834.953,304.127,5.06,3.7
2023-06-01,26834.953,305.109,5.08,3.6
2023-06-02,26834.953,305.109,5.08,3.6
2023-06-03,26834.953,305.109,5.08,3.6
2023-06-04,26834.953,305.109,5.08,3.6
2023-06-05,26834.953,305.109,5.08,3.6
2023-06-06,26834.953,305.109,5.08,3.6
2023-06-07,26834.953,305.109,5.08,3.6
2023-06-08,26834.953,305.109,5.08,3.6
2023-06-09,26834.953,305.109,5.08,3.6
2023-06-10,26834.953,305.109,5.08,3.6
2023-06-11,26834.953,305.109,5.08,3.6
2023-06-12,26834.953,305.109,5.08,3.6
2023-06-13,26834.953,305.109,5.08,3.6
2023-06-14,26834.953,305.109,5.08,3.6
2023-06-15,26834.953,305.109,5.08,3.6
2023-06-16,26834.953,305.109,5.08,3.6
2023-06-17,26834.953,305.109,5.08,3.6
2023-06-18,26834.953,305.109,5.08,3.6
2023-06-19,26834.953,305.109,5.08,3.6
2023-06-20,26834.953,305.109,5.08,3.6
2023-06-21,26834.953,305.109,5.08,3.6
2023-06-22,26834.953,305.109,5.08,3.6
2023-06-23,26834.953,305.109,5.08,3.6
2023-06-24,26834.953,305.109,5.08,3.6
2023-06-25,26834.953,305.109,5.08,3.6
2023-06-26,26834.953,305.109,5.08,3.6
2023-06-27,26834.953,305.109,5.08,3.6
2023-06-28,26834.953,305.109,5.08,3.6
2023-06-29,26834.953,305.109,5.08,3.6
2023-06-30,26834.953,305.109,5.08,3.6
2023-07-01,26834.953,305.691,5.12,3.5
