DATE,THREEFF10
2018-07-09,3.6731
2018-07-10,3.6803
2018-07-11,3.6614
2018-07-12,3.6563
2018-07-13,3.6343
2018-07-16,3.6408
2018-07-17,3.6480
2018-07-18,3.6541
2018-07-19,3.6331
2018-07-20,3.6657
2018-07-23,3.7287
2018-07-24,3.7390
2018-07-25,3.7375
2018-07-26,3.7684
2018-07-27,3.7582
2018-07-30,3.7675
2018-07-31,3.7512
2018-08-01,3.7796
2018-08-02,3.7762
2018-08-03,3.7513
2018-08-06,3.7342
2018-08-07,3.7541
2018-08-08,3.7554
2018-08-09,3.7307
2018-08-10,3.6823
2018-08-13,3.6710
2018-08-14,3.6791
2018-08-15,3.6540
2018-08-16,3.6555
2018-08-17,3.6524
2018-08-20,3.6181
2018-08-21,3.6237
2018-08-22,3.6082
2018-08-23,3.6015
2018-08-24,3.5999
2018-08-27,3.6141
2018-08-28,3.6424
2018-08-29,3.6505
2018-08-30,3.6308
2018-08-31,3.6284
2018-09-03,.
2018-09-04,3.6579
2018-09-05,3.6679
2018-09-06,3.6592
2018-09-07,3.7003
2018-09-10,3.7014
2018-09-11,3.7285
2018-09-12,3.7219
2018-09-13,3.7171
2018-09-14,3.7314
2018-09-17,3.7300
2018-09-18,3.7704
2018-09-19,3.8017
2018-09-20,3.8074
2018-09-21,3.8063
2018-09-24,3.8159
2018-09-25,3.8322
2018-09-26,3.8122
2018-09-27,3.8014
2018-09-28,3.7931
2018-10-01,3.8168
2018-10-02,3.8025
2018-10-03,3.8668
2018-10-04,3.9193
2018-10-05,3.9671
2018-10-08,.
2018-10-09,3.9645
2018-10-10,3.9748
2018-10-11,3.9301
2018-10-12,3.9224
2018-10-15,3.9305
2018-10-16,3.9296
2018-10-17,3.9511
2018-10-18,3.9469
2018-10-19,3.9644
2018-10-22,3.9644
2018-10-23,3.9471
2018-10-24,3.8945
2018-10-25,3.9116
2018-10-26,3.8731
2018-10-29,3.8657
2018-10-30,3.8879
2018-10-31,3.9210
2018-11-01,3.9194
2018-11-02,3.9737
2018-11-05,3.9750
2018-11-06,3.9866
2018-11-07,3.9911
2018-11-08,4.0002
2018-11-09,3.9680
2018-11-12,.
2018-11-13,3.9194
2018-11-14,3.8917
2018-11-15,3.8774
2018-11-16,3.8550
2018-11-19,3.8434
2018-11-20,3.8453
2018-11-21,3.8533
2018-11-22,.
2018-11-23,3.8481
2018-11-26,3.8581
2018-11-27,3.8514
2018-11-28,3.8368
2018-11-29,3.8216
2018-11-30,3.7952
2018-12-03,3.7656
2018-12-04,3.6922
2018-12-05,.
2018-12-06,3.6393
2018-12-07,3.6022
2018-12-10,3.5881
2018-12-11,3.6100
2018-12-12,3.6278
2018-12-13,3.6270
2018-12-14,3.6208
2018-12-17,3.6002
2018-12-18,3.5816
2018-12-19,3.5435
2018-12-20,3.5509
2018-12-21,3.5548
2018-12-24,3.5342
2018-12-25,.
2018-12-26,3.5888
2018-12-27,3.5783
2018-12-28,3.5526
2018-12-31,3.5295
2019-01-01,.
2019-01-02,3.4984
2019-01-03,3.4233
2019-01-04,3.4817
2019-01-07,3.5174
2019-01-08,3.5408
2019-01-09,3.5510
2019-01-10,3.5549
2019-01-11,3.5356
2019-01-14,3.5360
2019-01-15,3.5454
2019-01-16,3.5581
2019-01-17,3.5810
2019-01-18,3.6077
2019-01-21,.
2019-01-22,3.5772
2019-01-23,3.5760
2019-01-24,3.5468
2019-01-25,3.5608
2019-01-28,3.5559
2019-01-29,3.5280
2019-01-30,3.5103
2019-01-31,3.4642
2019-02-01,3.5084
2019-02-04,3.5446
2019-02-05,3.5411
2019-02-06,3.5345
2019-02-07,3.5029
2019-02-08,3.4876
2019-02-11,3.5040
2019-02-12,3.5276
2019-02-13,3.5533
2019-02-14,3.5232
2019-02-15,3.5176
2019-02-18,.
2019-02-19,3.5044
2019-02-20,3.4996
2019-02-21,3.5264
2019-02-22,3.5135
2019-02-25,3.5226
2019-02-26,3.5044
2019-02-27,3.5402
2019-02-28,3.5805
2019-03-01,3.6162
2019-03-04,3.5968
2019-03-05,3.5860
2019-03-06,3.5578
2019-03-07,3.5164
2019-03-08,3.4921
2019-03-11,3.4982
2019-03-12,3.4774
2019-03-13,3.4760
2019-03-14,3.4917
2019-03-15,3.4708
2019-03-18,3.4747
2019-03-19,3.4814
2019-03-20,3.4397
2019-03-21,3.4301
2019-03-22,3.3640
2019-03-25,3.3455
2019-03-26,3.3345
2019-03-27,3.3285
2019-03-28,3.3391
2019-03-29,3.3492
2019-04-01,3.4102
2019-04-02,3.4127
2019-04-03,3.4443
2019-04-04,3.4471
2019-04-05,3.4399
2019-04-08,3.4479
2019-04-09,3.4344
2019-04-10,3.4090
2019-04-11,3.4235
2019-04-12,3.4689
2019-04-15,3.4698
2019-04-16,3.4996
2019-04-17,3.5108
2019-04-18,3.4943
2019-04-19,.
2019-04-22,3.5121
2019-04-23,3.5080
2019-04-24,3.4795
2019-04-25,3.4842
2019-04-26,3.4680
2019-04-29,3.4936
2019-04-30,3.4826
2019-05-01,3.4908
2019-05-02,3.5149
2019-05-03,3.5051
2019-05-06,3.4799
2019-05-07,3.4348
2019-05-08,3.4492
2019-05-09,3.4267
2019-05-10,3.4373
2019-05-13,3.3930
2019-05-14,3.4045
2019-05-15,3.3772
2019-05-16,3.3888
2019-05-17,3.3843
2019-05-20,3.4004
2019-05-21,3.4136
2019-05-22,3.3800
2019-05-23,3.3136
2019-05-24,3.3046
2019-05-27,.
2019-05-28,3.2570
2019-05-29,3.2367
2019-05-30,3.2102
2019-05-31,3.1557
2019-06-03,3.1067
2019-06-04,3.1579
2019-06-05,3.1834
2019-06-06,3.2083
2019-06-07,3.1914
2019-06-10,3.2318
2019-06-11,3.2382
2019-06-12,3.2147
2019-06-13,3.1880
2019-06-14,3.1800
2019-06-17,3.1713
2019-06-18,3.1403
2019-06-19,3.1170
2019-06-20,3.1074
2019-06-21,3.1534
2019-06-24,3.1317
2019-06-25,3.1106
2019-06-26,3.1423
2019-06-27,3.1174
2019-06-28,3.1015
2019-07-01,3.1182
2019-07-02,3.0827
2019-07-03,3.0528
2019-07-04,.
2019-07-05,3.0991
2019-07-08,3.1022
2019-07-09,3.1093
2019-07-10,3.1056
2019-07-11,3.1581
2019-07-12,3.1679
2019-07-15,3.1595
2019-07-16,3.1797
2019-07-17,3.1357
2019-07-18,3.0975
2019-07-19,3.0942
2019-07-22,3.0918
2019-07-23,3.1012
2019-07-24,3.0901
2019-07-25,3.0975
2019-07-26,3.0937
2019-07-29,3.0742
2019-07-30,3.0679
2019-07-31,3.0357
2019-08-01,2.9270
2019-08-02,2.8810
2019-08-05,2.7972
2019-08-06,2.7651
2019-08-07,2.7482
2019-08-08,2.7485
2019-08-09,2.7616
2019-08-12,2.6952
2019-08-13,2.6974
2019-08-14,2.6315
2019-08-15,2.5630
2019-08-16,2.5630
2019-08-19,2.6011
2019-08-20,2.5751
2019-08-21,2.6011
2019-08-22,2.6159
2019-08-23,2.5515
2019-08-26,2.5516
2019-08-27,2.5099
2019-08-28,2.4836
2019-08-29,2.4963
2019-08-30,2.4938
2019-09-02,.
2019-09-03,2.4772
2019-09-04,2.4733
2019-09-05,2.5474
2019-09-06,2.5533
2019-09-09,2.6061
2019-09-10,2.6726
2019-09-11,2.7038
2019-09-12,2.7393
2019-09-13,2.8194
2019-09-16,2.7948
2019-09-17,2.7668
2019-09-18,2.7553
2019-09-19,2.7299
2019-09-20,2.6851
2019-09-23,2.6570
2019-09-24,2.5974
2019-09-25,2.6498
2019-09-26,2.6407
2019-09-27,2.6196
2019-09-30,2.6110
2019-10-01,2.5935
2019-10-02,2.5636
2019-10-03,2.5219
2019-10-04,2.5090
2019-10-07,2.5305
2019-10-08,2.5188
2019-10-09,2.5497
2019-10-10,2.6083
2019-10-11,2.6879
2019-10-14,.
2019-10-15,2.7080
2019-10-16,2.7025
2019-10-17,2.7096
2019-10-18,2.7122
2019-10-21,2.7437
2019-10-22,2.7382
2019-10-23,2.7366
2019-10-24,2.7374
2019-10-25,2.7528
2019-10-28,2.7883
2019-10-29,2.7901
2019-10-30,2.7484
2019-10-31,2.6744
2019-11-01,2.6754
2019-11-04,2.7129
2019-11-05,2.7755
2019-11-06,2.7637
2019-11-07,2.8470
2019-11-08,2.8845
2019-11-11,.
2019-11-12,2.8829
2019-11-13,2.8547
2019-11-14,2.8110
2019-11-15,2.8098
2019-11-18,2.7911
2019-11-19,2.7688
2019-11-20,2.7267
2019-11-21,2.7407
2019-11-22,2.7360
2019-11-25,2.7256
2019-11-26,2.7006
2019-11-27,2.7158
2019-11-28,.
2019-11-29,2.7223
2019-12-02,2.7663
2019-12-03,2.6994
2019-12-04,2.7211
2019-12-05,2.7447
2019-12-06,2.7831
2019-12-09,2.7862
2019-12-10,2.7929
2019-12-11,2.7565
2019-12-12,2.8249
2019-12-13,2.7890
2019-12-16,2.8293
2019-12-17,2.8427
2019-12-18,2.8868
2019-12-19,2.9002
2019-12-20,2.9118
2019-12-23,2.9210
2019-12-24,2.9088
2019-12-25,.
2019-12-26,2.9056
2019-12-27,2.8895
2019-12-30,2.9028
2019-12-31,2.9336
2020-01-01,.
2020-01-02,2.9140
2020-01-03,2.8514
2020-01-06,2.8404
2020-01-07,2.8484
2020-01-08,2.8795
2020-01-09,2.8711
2020-01-10,2.8485
2020-01-13,2.8528
2020-01-14,2.8307
2020-01-15,2.7995
2020-01-16,2.8088
2020-01-17,2.8266
2020-01-20,.
2020-01-21,2.7928
2020-01-22,2.7875
2020-01-23,2.7589
2020-01-24,2.7196
2020-01-27,2.6416
2020-01-28,2.6452
2020-01-29,2.6042
2020-01-30,2.5777
2020-01-31,2.5318
2020-02-03,2.5404
2020-02-04,2.5926
2020-02-05,2.6424
2020-02-06,2.6440
2020-02-07,2.6080
2020-02-10,2.5783
2020-02-11,2.5898
2020-02-12,2.6254
2020-02-13,2.6238
2020-02-14,2.6075
2020-02-17,.
2020-02-18,2.5783
2020-02-19,2.5839
2020-02-20,2.5495
2020-02-21,2.4934
2020-02-24,2.4267
2020-02-25,2.3791
2020-02-26,2.3776
2020-02-27,2.3680
2020-02-28,2.2674
2020-03-02,2.2521
2020-03-03,2.2036
2020-03-04,2.2075
2020-03-05,2.1514
2020-03-06,2.0322
2020-03-09,1.8704
2020-03-10,1.9622
2020-03-11,1.9683
2020-03-12,2.0065
2020-03-13,2.0602
2020-03-16,1.9029
2020-03-17,2.0777
2020-03-18,2.2640
2020-03-19,2.2899
2020-03-20,2.1739
2020-03-23,1.9992
2020-03-24,2.0098
2020-03-25,2.0299
2020-03-26,2.0055
2020-03-27,1.9251
2020-03-30,1.8913
2020-03-31,1.8840
2020-04-01,1.8317
2020-04-02,1.8301
2020-04-03,1.8245
2020-04-06,1.8596
2020-04-07,1.9119
2020-04-08,1.9514
2020-04-09,1.9394
2020-04-10,.
2020-04-13,1.9777
2020-04-14,1.9924
2020-04-15,1.9131
2020-04-16,1.8808
2020-04-17,1.8952
2020-04-20,1.8736
2020-04-21,1.8330
2020-04-22,1.8567
2020-04-23,1.8427
2020-04-24,1.8318
2020-04-27,1.8674
2020-04-28,1.8420
2020-04-29,1.8351
2020-04-30,1.8455
2020-05-01,1.8483
2020-05-04,1.8475
2020-05-05,1.8591
2020-05-06,1.9044
2020-05-07,1.8578
2020-05-08,1.8890
2020-05-11,1.9242
2020-05-12,1.9134
2020-05-13,1.8841
2020-05-14,1.8646
2020-05-15,1.8714
2020-05-18,1.9341
2020-05-19,1.9353
2020-05-20,1.9298
2020-05-21,1.9235
2020-05-22,1.9001
2020-05-25,.
2020-05-26,1.9167
2020-05-27,1.9070
2020-05-28,1.9178
2020-05-29,1.8868
2020-06-01,1.8840
2020-06-02,1.8966
2020-06-03,1.9586
2020-06-04,2.0184
2020-06-05,2.1109
2020-06-08,2.1271
2020-06-09,2.1026
2020-06-10,2.0358
2020-06-11,1.9583
2020-06-12,1.9508
2020-06-15,1.9470
2020-06-16,1.9695
2020-06-17,1.9669
2020-06-18,1.9454
2020-06-19,1.9343
2020-06-22,1.9334
2020-06-23,1.9346
2020-06-24,1.9218
2020-06-25,1.9151
2020-06-26,1.8826
2020-06-29,1.8612
2020-06-30,1.8710
2020-07-01,1.8943
2020-07-02,1.8919
2020-07-03,.
2020-07-06,1.9031
2020-07-07,1.8764
2020-07-08,1.8751
2020-07-09,1.8429
2020-07-10,1.8557
2020-07-13,1.8496
2020-07-14,1.8363
2020-07-15,1.8387
2020-07-16,1.8296
2020-07-17,1.8358
2020-07-20,1.8297
2020-07-21,1.8151
2020-07-22,1.8119
2020-07-23,1.7958
2020-07-24,1.7895
2020-07-27,1.8003
2020-07-28,1.7776
2020-07-29,1.7669
2020-07-30,1.7405
2020-07-31,1.7272
2020-08-03,1.7316
2020-08-04,1.7012
2020-08-05,1.7137
2020-08-06,1.7098
2020-08-07,1.7260
2020-08-10,1.7410
2020-08-11,1.7840
2020-08-12,1.8299
2020-08-13,1.8692
2020-08-14,1.8820
2020-08-17,1.8749
2020-08-18,1.8640
2020-08-19,1.8706
2020-08-20,1.8536
2020-08-21,1.8412
2020-08-24,1.8448
2020-08-25,1.8676
2020-08-26,1.8856
2020-08-27,1.9258
2020-08-28,1.9374
2020-08-31,1.9348
2020-09-01,1.9093
2020-09-02,1.8890
2020-09-03,1.8561
2020-09-04,1.9070
2020-09-07,.
2020-09-08,1.8996
2020-09-09,1.9056
2020-09-10,1.8936
2020-09-11,1.8839
2020-09-14,1.8839
2020-09-15,1.8840
2020-09-16,1.8932
2020-09-17,1.8960
2020-09-18,1.9055
2020-09-21,1.8937
2020-09-22,1.8862
2020-09-23,1.8924
2020-09-24,1.8852
2020-09-25,1.8746
2020-09-28,1.8724
2020-09-29,1.8629
2020-09-30,1.8825
2020-10-01,1.8837
2020-10-02,1.8990
2020-10-05,1.9618
2020-10-06,1.9709
2020-10-07,2.0087
2020-10-08,2.0053
2020-10-09,2.0171
2020-10-12,.
2020-10-13,1.9884
2020-10-14,1.9735
2020-10-15,1.9793
2020-10-16,1.9883
2020-10-19,2.0070
2020-10-20,2.0360
2020-10-21,2.0702
2020-10-22,2.1122
2020-10-23,2.1180
2020-10-26,2.0970
2020-10-27,2.0738
2020-10-28,2.0647
2020-10-29,2.1033
2020-10-30,2.1420
2020-11-02,2.1479
2020-11-03,2.1721
2020-11-04,2.0995
2020-11-05,2.0764
2020-11-06,2.0968
2020-11-09,2.1914
2020-11-10,2.2445
2020-11-11,.
2020-11-12,2.1935
2020-11-13,2.1880
2020-11-16,2.1941
2020-11-17,2.1663
2020-11-18,2.1692
2020-11-19,2.1523
2020-11-20,2.1318
2020-11-23,2.1403
2020-11-24,2.1586
2020-11-25,2.1701
2020-11-26,.
2020-11-27,2.1458
2020-11-30,2.1395
2020-12-01,2.1951
2020-12-02,2.2326
2020-12-03,2.2306
2020-12-04,2.2675
2020-12-07,2.2569
2020-12-08,2.2465
2020-12-09,2.2601
2020-12-10,2.2440
2020-12-11,2.2272
2020-12-14,2.2252
2020-12-15,2.2406
2020-12-16,2.2530
2020-12-17,2.2663
2020-12-18,2.2794
2020-12-21,2.2873
2020-12-22,2.2728
2020-12-23,2.2941
2020-12-24,2.2856
2020-12-25,.
2020-12-28,2.2838
2020-12-29,2.2854
2020-12-30,2.2793
2020-12-31,2.2725
2021-01-01,.
2021-01-04,2.2674
2021-01-05,2.2878
2021-01-06,2.3586
2021-01-07,2.4194
2021-01-08,2.4799
2021-01-11,2.5241
2021-01-12,2.5459
2021-01-13,2.5266
2021-01-14,2.5530
2021-01-15,2.5359
2021-01-18,.
2021-01-19,2.5296
2021-01-20,2.5325
2021-01-21,2.5481
2021-01-22,2.5388
2021-01-25,2.5014
2021-01-26,2.4876
2021-01-27,2.4687
2021-01-28,2.4797
2021-01-29,2.5179
2021-02-01,2.5129
2021-02-02,2.5361
2021-02-03,2.5668
2021-02-04,2.5849
2021-02-05,2.6163
2021-02-08,2.6338
2021-02-09,2.6358
2021-02-10,2.6150
2021-02-11,2.6165
2021-02-12,2.6558
2021-02-15,.
2021-02-16,2.7468
2021-02-17,2.7923
2021-02-18,2.8116
2021-02-19,2.8661
2021-02-22,2.9107
2021-02-23,2.9299
2021-02-24,2.9579
2021-02-25,3.1210
2021-02-26,3.1156
2021-03-01,3.1128
2021-03-02,3.0877
2021-03-03,3.1280
2021-03-04,3.2019
2021-03-05,3.2457
2021-03-08,3.3019
2021-03-09,3.2873
2021-03-10,3.2608
2021-03-11,3.2581
2021-03-12,3.3417
2021-03-15,3.3621
2021-03-16,3.3722
2021-03-17,3.3809
2021-03-18,3.4547
2021-03-19,3.5133
2021-03-22,3.5040
2021-03-23,3.4620
2021-03-24,3.4387
2021-03-25,3.4361
2021-03-26,3.4676
2021-03-29,3.5211
2021-03-30,3.5481
2021-03-31,3.5746
2021-04-01,3.5485
2021-04-02,3.5671
2021-04-05,3.5647
2021-04-06,3.5153
2021-04-07,3.5040
2021-04-08,3.4670
2021-04-09,3.4747
2021-04-12,3.4845
2021-04-13,3.4467
2021-04-14,3.4436
2021-04-15,3.3755
2021-04-16,3.3708
2021-04-19,3.3811
2021-04-20,3.3557
2021-04-21,3.3448
2021-04-22,3.3351
2021-04-23,3.3432
2021-04-26,3.3431
2021-04-27,3.3764
2021-04-28,3.3855
2021-04-29,3.4036
2021-04-30,3.4119
2021-05-03,3.4000
2021-05-04,3.3838
2021-05-05,3.3602
2021-05-06,3.3487
2021-05-07,3.3463
2021-05-10,3.3656
2021-05-11,3.3848
2021-05-12,3.4449
2021-05-13,3.4469
2021-05-14,3.4319
2021-05-17,3.4352
2021-05-18,3.4324
2021-05-19,3.4650
2021-05-20,3.4373
2021-05-21,3.4305
2021-05-24,3.4120
2021-05-25,3.3676
2021-05-26,3.3610
2021-05-27,3.3808
2021-05-28,3.3649
2021-05-31,.
2021-06-01,3.3866
2021-06-02,3.3787
2021-06-03,3.4044
2021-06-04,3.3566
2021-06-07,3.3424
2021-06-08,3.3075
2021-06-09,3.2620
2021-06-10,3.2137
2021-06-11,3.2053
2021-06-14,3.2270
2021-06-15,3.2333
2021-06-16,3.2892
2021-06-17,3.2672
2021-06-18,3.2001
2021-06-21,3.1915
2021-06-22,3.1698
2021-06-23,3.1775
2021-06-24,3.1708
2021-06-25,3.1966
2021-06-28,3.1684
2021-06-29,3.1560
2021-06-30,3.1236
2021-07-01,3.1279
2021-07-02,3.0974
2021-07-05,.
2021-07-06,3.0335
2021-07-07,2.9767
2021-07-08,2.9282
2021-07-09,2.9565
2021-07-12,2.9676
2021-07-13,2.9974
2021-07-14,2.9647
2021-07-15,2.9129
2021-07-16,2.8958
2021-07-19,2.7942
2021-07-20,2.7735
2021-07-21,2.8214
2021-07-22,2.8100
2021-07-23,2.8264
2021-07-26,2.8327
2021-07-27,2.8053
2021-07-28,2.8004
2021-07-29,2.8160
2021-07-30,2.7964
2021-08-02,2.7539
2021-08-03,2.7296
2021-08-04,2.7213
2021-08-05,2.7481
2021-08-06,2.8092
2021-08-09,2.8458
2021-08-10,2.8796
2021-08-11,2.8868
2021-08-12,2.9097
2021-08-13,2.8699
2021-08-16,2.8279
2021-08-17,2.8183
2021-08-18,2.8155
2021-08-19,2.7928
2021-08-20,2.7932
2021-08-23,2.7797
2021-08-24,2.8013
2021-08-25,2.8569
2021-08-26,2.8749
2021-08-27,2.8582
2021-08-30,2.8395
2021-08-31,2.8449
2021-09-01,2.8488
2021-09-02,2.8420
2021-09-03,2.8607
2021-09-06,.
2021-09-07,2.9041
2021-09-08,2.8955
2021-09-09,2.8672
2021-09-10,2.8890
2021-09-13,2.8825
2021-09-14,2.8457
2021-09-15,2.8501
2021-09-16,2.8794
2021-09-17,2.9161
2021-09-20,2.8815
2021-09-21,2.8805
2021-09-22,2.8797
2021-09-23,2.9448
2021-09-24,3.0034
2021-09-27,3.0426
2021-09-28,3.1018
2021-09-29,3.1337
2021-09-30,3.1332
2021-10-01,3.1044
2021-10-04,3.1067
2021-10-05,3.1426
2021-10-06,3.1497
2021-10-07,3.1881
2021-10-08,3.2273
2021-10-11,.
2021-10-12,3.2261
2021-10-13,3.2038
2021-10-14,3.1599
2021-10-15,3.1876
2021-10-18,3.1917
2021-10-19,3.2249
2021-10-20,3.2452
2021-10-21,3.2778
2021-10-22,3.2573
2021-10-25,3.2294
2021-10-26,3.2076
2021-10-27,3.1347
2021-10-28,3.1320
2021-10-29,3.1226
2021-11-01,3.1294
2021-11-02,3.0998
2021-11-03,3.1196
2021-11-04,3.0679
2021-11-05,2.9976
2021-11-08,3.0213
2021-11-09,2.9776
2021-11-10,3.0461
2021-11-11,.
2021-11-12,3.0677
2021-11-15,3.1024
2021-11-16,3.1206
2021-11-17,3.1075
2021-11-18,3.0900
2021-11-19,3.0556
2021-11-22,3.1062
2021-11-23,3.1384
2021-11-24,3.1350
2021-11-25,.
2021-11-26,3.0055
2021-11-29,2.9916
2021-11-30,2.9287
2021-12-01,2.8980
2021-12-02,2.8819
2021-12-03,2.7922
2021-12-06,2.8058
2021-12-07,2.8262
2021-12-08,2.8364
2021-12-09,2.8165
2021-12-10,2.8052
2021-12-13,2.7589
2021-12-14,2.7555
2021-12-15,2.7692
2021-12-16,2.7349
2021-12-17,2.7112
2021-12-20,2.7067
2021-12-21,2.7448
2021-12-22,2.7511
2021-12-23,2.7700
2021-12-24,.
2021-12-27,2.7584
2021-12-28,2.7495
2021-12-29,2.7927
2021-12-30,2.7849
2021-12-31,2.7806
2022-01-03,2.8724
2022-01-04,2.9257
2022-01-05,2.9798
2022-01-06,3.0136
2022-01-07,3.0549
2022-01-10,3.0731
2022-01-11,3.0580
2022-01-12,3.0393
2022-01-13,3.0036
2022-01-14,3.0433
2022-01-17,.
2022-01-18,3.1087
2022-01-19,3.0945
2022-01-20,3.0777
2022-01-21,3.0130
2022-01-24,3.0000
2022-01-25,3.0165
2022-01-26,3.0659
2022-01-27,3.0274
2022-01-28,2.9630
2022-01-31,2.9403
2022-02-01,2.9304
2022-02-02,2.9019
2022-02-03,2.9193
2022-02-04,2.9837
2022-02-07,2.9763
2022-02-08,2.9947
2022-02-09,2.9846
2022-02-10,3.0188
2022-02-11,2.9187
2022-02-14,2.9151
2022-02-15,2.9407
2022-02-16,2.9343
2022-02-17,2.8981
2022-02-18,2.8568
2022-02-21,.
2022-02-22,2.8416
2022-02-23,2.8590
2022-02-24,2.8377
2022-02-25,2.8393
2022-02-28,2.7316
2022-03-01,2.6185
2022-03-02,2.6940
2022-03-03,2.6877
2022-03-04,2.5764
2022-03-07,2.5669
2022-03-08,2.6047
2022-03-09,2.6479
2022-03-10,2.6867
2022-03-11,2.7007
2022-03-14,2.7993
2022-03-15,2.8230
2022-03-16,2.8550
2022-03-17,2.8623
2022-03-18,2.8052
2022-03-21,2.8974
2022-03-22,2.9427
2022-03-23,2.9103
2022-03-24,2.9123
2022-03-25,3.0176
2022-03-28,2.9957
2022-03-29,2.9217
2022-03-30,2.8440
2022-03-31,2.7892
2022-04-01,2.8050
2022-04-04,2.8105
2022-04-05,2.8937
2022-04-06,2.9583
2022-04-07,3.0283
2022-04-08,3.1080
2022-04-11,3.1825
2022-04-12,3.1726
2022-04-13,3.1906
2022-04-14,3.3088
2022-04-15,.
2022-04-18,3.3684
2022-04-19,3.4516
2022-04-20,3.4122
2022-04-21,3.4374
2022-04-22,3.4168
2022-04-25,3.3319
2022-04-26,3.2751
2022-04-27,3.2955
2022-04-28,3.3264
2022-04-29,3.3612
2022-05-02,3.4335
2022-05-03,3.4329
2022-05-04,3.4036
2022-05-05,3.4932
2022-05-06,3.5818
2022-05-09,3.5665
2022-05-10,3.5342
2022-05-11,3.4887
2022-05-12,3.4266
2022-05-13,3.4845
2022-05-16,3.4607
2022-05-17,3.5250
2022-05-18,3.4693
2022-05-19,3.4258
2022-05-20,3.3792
2022-05-23,3.4299
2022-05-24,3.3739
2022-05-25,3.3488
2022-05-26,3.3612
2022-05-27,3.3747
2022-05-30,.
2022-05-31,3.4599
2022-06-01,3.5429
2022-06-02,3.5427
2022-06-03,3.5614
2022-06-06,3.6272
2022-06-07,3.5991
2022-06-08,3.6156
2022-06-09,3.6196
2022-06-10,3.6882
2022-06-13,3.8509
2022-06-14,3.8866
2022-06-15,3.7615
2022-06-16,3.6892
2022-06-17,3.6674
2022-06-20,.
2022-06-21,3.6957
2022-06-22,3.5886
2022-06-23,3.5199
2022-06-24,3.5361
2022-06-27,3.5937
2022-06-28,3.6147
2022-06-29,3.5581
2022-06-30,3.4665
2022-07-01,3.3568
2022-07-04,.
2022-07-05,3.3144
2022-07-06,3.3769
2022-07-07,3.4411
2022-07-08,3.5086
2022-07-11,3.4560
2022-07-12,3.4115
2022-07-13,3.3690
2022-07-14,3.3849
2022-07-15,3.3749
2022-07-18,3.3957
2022-07-19,3.4440
2022-07-20,3.4782
2022-07-21,3.3824
2022-07-22,3.2853
2022-07-25,3.2981
2022-07-26,3.2991
2022-07-27,3.2736
2022-07-28,3.1999
2022-07-29,3.1834
2022-08-01,3.1297
2022-08-02,3.2126
2022-08-03,3.2006
2022-08-04,3.1351
2022-08-05,3.2125
2022-08-08,3.1638
2022-08-09,3.1569
2022-08-10,3.1370
2022-08-11,3.1993
2022-08-12,3.1992
2022-08-15,3.1657
2022-08-16,3.1787
2022-08-17,3.2350
2022-08-18,3.2435
2022-08-19,3.3328
2022-08-22,3.4061
2022-08-23,3.4521
2022-08-24,3.5136
2022-08-25,3.4803
2022-08-26,3.4921
2022-08-29,3.5473
2022-08-30,3.5590
2022-08-31,3.5882
2022-09-01,3.6833
2022-09-02,3.6775
2022-09-05,.
2022-09-06,3.7811
2022-09-07,3.7715
2022-09-08,3.7858
2022-09-09,3.8043
2022-09-12,3.8271
2022-09-13,3.8501
2022-09-14,3.8164
2022-09-15,3.8180
2022-09-16,3.7856
2022-09-19,3.7907
2022-09-20,3.8454
2022-09-21,3.8026
2022-09-22,3.9154
2022-09-23,3.9049
2022-09-26,4.0221
2022-09-27,4.1080
2022-09-28,3.9576
2022-09-29,3.9600
2022-09-30,4.0077
2022-10-03,3.8997
2022-10-04,3.8256
2022-10-05,3.9212
2022-10-06,3.9978
2022-10-07,4.0460
2022-10-10,.
2022-10-11,4.1025
2022-10-12,4.1108
2022-10-13,4.1550
2022-10-14,4.1807
2022-10-17,4.2001
2022-10-18,4.2038
2022-10-19,4.3045
2022-10-20,4.4029
2022-10-21,4.4287
2022-10-24,4.4988
2022-10-25,4.4441
2022-10-26,4.3907
2022-10-27,4.3501
2022-10-28,4.3995
2022-10-31,4.4559
2022-11-01,4.4598
2022-11-02,4.4474
2022-11-03,4.4556
2022-11-04,4.4604
2022-11-07,4.5013
2022-11-08,4.4460
2022-11-09,4.4345
2022-11-10,4.2112
2022-11-11,.
2022-11-14,4.2023
2022-11-15,4.1477
2022-11-16,4.0364
2022-11-17,4.0603
2022-11-18,4.0841
2022-11-21,4.0998
2022-11-22,4.0259
2022-11-23,3.9415
2022-11-24,.
2022-11-25,3.8917
2022-11-28,3.8883
2022-11-29,3.9244
2022-11-30,3.8778
2022-12-01,3.7721
2022-12-02,3.7374
2022-12-05,3.7968
2022-12-06,3.7388
2022-12-07,3.6475
2022-12-08,3.6778
2022-12-09,3.7326
2022-12-12,3.7714
2022-12-13,3.6982
2022-12-14,3.6782
2022-12-15,3.6461
2022-12-16,3.6635
2022-12-19,3.7490
2022-12-20,3.8686
2022-12-21,3.9165
2022-12-22,3.9386
2022-12-23,4.0005
2022-12-26,.
2022-12-27,4.0947
2022-12-28,4.1536
2022-12-29,4.1472
2022-12-30,4.1709
2023-01-02,.
2023-01-03,4.1097
2023-01-04,4.0156
2023-01-05,3.9983
2023-01-06,3.8748
2023-01-09,3.8444
2023-01-10,3.9038
2023-01-11,3.8857
2023-01-12,3.8026
2023-01-13,3.8131
2023-01-16,.
2023-01-17,3.8446
2023-01-18,3.7399
2023-01-19,3.7421
2023-01-20,3.7999
2023-01-23,3.8424
2023-01-24,3.8113
2023-01-25,3.7911
2023-01-26,3.8074
2023-01-27,3.8293
2023-01-30,3.8552
2023-01-31,3.8429
2023-02-01,3.7488
2023-02-02,3.7330
2023-02-03,3.8139
2023-02-06,3.8751
2023-02-07,3.8957
2023-02-08,3.8763
2023-02-09,3.8884
2023-02-10,3.9418
2023-02-13,3.9302
2023-02-14,3.9507
2023-02-15,4.0190
2023-02-16,4.0303
2023-02-17,4.0067
2023-02-20,.
2023-02-21,4.0899
2023-02-22,4.1386
2023-02-23,4.1257
2023-02-24,4.1762
2023-02-27,4.1640
2023-02-28,4.1511
2023-03-01,4.2046
2023-03-02,4.2643
2023-03-03,4.2086
2023-03-06,4.1646
2023-03-07,4.1403
2023-03-08,4.1047
2023-03-09,4.0353
2023-03-10,3.8723
2023-03-13,3.8125
2023-03-14,3.9308
2023-03-15,3.9273
2023-03-16,4.0048
2023-03-17,3.9336
2023-03-20,4.0275
2023-03-21,4.1237
2023-03-22,4.0510
2023-03-23,3.9942
2023-03-24,4.0250
2023-03-27,4.1555
2023-03-28,4.1891
2023-03-29,4.2018
2023-03-30,4.1811
2023-03-31,4.1170
2023-04-03,4.0567
2023-04-04,3.9934
2023-04-05,3.9679
2023-04-06,3.9656
2023-04-07,4.0204
2023-04-10,4.0408
2023-04-11,4.0506
2023-04-12,4.0291
2023-04-13,4.0718
2023-04-14,4.1358
2023-04-17,4.2016
2023-04-18,4.1959
2023-04-19,4.1953
2023-04-20,4.1508
2023-04-21,4.1647
2023-04-24,4.1334
2023-04-25,4.0579
2023-04-26,4.0849
2023-04-27,4.1683
2023-04-28,4.1115
2023-05-01,4.1874
2023-05-02,4.1005
2023-05-03,4.0514
2023-05-04,4.0550
2023-05-05,4.1332
2023-05-08,4.2105
2023-05-09,4.2373
2023-05-10,4.1895
2023-05-11,4.1531
2023-05-12,4.1932
2023-05-15,4.2228
2023-05-16,4.2578
2023-05-17,4.2791
2023-05-18,4.3260
2023-05-19,4.3607
2023-05-22,4.3723
2023-05-23,4.3518
2023-05-24,4.3435
2023-05-25,4.3910
2023-05-26,4.3587
2023-05-29,.
2023-05-30,4.2554
2023-05-31,4.1797
2023-06-01,4.1413
2023-06-02,4.1890
2023-06-05,4.1847
2023-06-06,4.1772
2023-06-07,4.2377
2023-06-08,4.1908
2023-06-09,4.1817
2023-06-12,4.1530
2023-06-13,4.2000
2023-06-14,4.1773
2023-06-15,4.0733
2023-06-16,4.0614
2023-06-19,.
2023-06-20,4.0181
2023-06-21,3.9834
2023-06-22,4.0104
2023-06-23,3.9821
2023-06-26,3.9610
2023-06-27,3.9695
2023-06-28,3.9190
2023-06-29,4.0380
2023-06-30,4.0266
2023-07-03,4.0451
2023-07-04,.
2023-07-05,4.1032
2023-07-06,4.2043
2023-07-07,4.2476
